workload,D,variant,R,S,A,L,U,M,B,incomingPointerWrites,outgoingPointerWrites,endpointPointerWrites,W,Delta,SearchAmp,MutationAmp,stableEligible,stableRetained,meanNs,medianNs,p75Ns,p95Ns,p99BatchNs,variance,rme95Percent,opsPerSecond,wallTimeMs,batchIterations
stable,0,move,1,0,0,0,0,0,0,2,0,0,2,0,0,0,1,1,34.72536722819011,34.57527160644546,34.80138778686522,38.5358619689941,38.84059524536129,3.8257438815586275,3.1195558549676163,28797391.64250503,273.0914000000001,524288
stable,0,rotate,1,0,0,0,0,0,0,2,0,0,2,0,0,0,1,1,34.772783915201835,34.4629287719726,35.114574432373075,37.294387817382706,38.30909729003907,1.9824881220257866,2.2425777152151127,28758123.089558665,273.4643000000001,524288
stable,1,move,2,0,0,0,0,0,0,3,0,0,3,0,0,0,2,2,51.99929555257161,45.804405212402244,61.74039840698234,80.64924240112312,82.20879745483408,285.97720126639507,18.01150125190924,19231029.75479723,408.93909999999994,524288
stable,1,rotate,2,0,0,0,0,0,0,3,0,0,3,0,0,0,2,2,58.926366170247356,59.05876159667945,68.57242584228507,91.96565628051756,98.58829116821285,431.71469843981004,19.52856917467902,16970332.043059397,463.4157999999997,524288
stable,16,move,17,0,0,0,0,0,0,18,0,0,18,0,0,0,17,17,133.5103352864584,130.46035766601508,133.19358825683602,173.54248046874986,184.4210205078126,456.75490215043453,8.865605229865317,7490056.839827496,262.49200000000013,131072
stable,16,rotate,17,0,0,0,0,0,0,18,0,0,18,0,0,0,17,17,129.50541178385416,124.96109008789097,138.9308929443361,158.24638366699224,159.02781677246108,246.77257799166816,6.718034022258585,7721685.03405101,254.61799999999997,131072
stable,31,move,32,0,0,0,0,0,0,33,0,0,33,0,0,0,32,32,241.08286539713558,222.38311767578193,264.2837524414062,368.0412292480474,396.50009155273517,4098.903622433926,14.70784945040879,4147951.3625022704,236.99410000000015,65536
stable,31,rotate,32,0,0,0,0,0,0,33,0,0,33,0,0,0,32,32,248.9788818359375,239.87579345703148,256.24008178710926,358.05282592773415,399.6110534667961,3911.533087691539,13.91209898264017,4016404.8959740344,244.7562,65536
stable,32,move,33,0,0,0,0,0,0,34,0,0,34,0,0,0,33,33,215.08666992187483,194.75402832031148,225.43945312500023,295.8244323730461,355.2928161621086,2554.5047131100814,13.014321330377182,4649288.588470994,211.43879999999982,65536
stable,32,rotate,33,0,0,0,0,0,0,34,0,0,34,0,0,0,33,33,227.8298950195311,211.41204833984364,247.04132080078085,330.08773803710983,348.2209167480473,3072.105399931684,13.473766376718826,4389239.611923068,223.96589999999986,65536
stable,33,move,34,0,0,0,0,0,0,35,0,0,35,0,0,0,34,34,195.86847941080745,195.38497924804665,200.82778930664085,218.32031249999991,228.6921386718746,173.25544159947665,3.7218644929247002,5105466.704025594,385.0931000000003,131072
stable,33,rotate,34,0,0,0,0,0,0,35,0,0,35,0,0,0,34,34,199.79624430338546,190.49606323242196,202.39715576171906,247.60078430175795,264.4774322509768,591.0822678013704,6.739354665809019,5005099.087255742,392.8154000000001,131072
stable,64,move,65,0,0,0,0,0,0,66,0,0,66,0,0,0,65,65,351.4739990234376,315.15045166015733,334.6282958984377,558.7225341796876,567.718627929687,7454.9817752891295,13.605413868139085,2845160.6741280346,345.51300000000015,65536
stable,64,rotate,65,0,0,0,0,0,0,66,0,0,66,0,0,0,65,65,314.07185872395837,311.91101074218733,316.70684814453153,324.82315063476665,333.63040161132886,49.37074275776325,1.239046121942745,3183984.7226774697,308.74520000000007,65536
stable,256,move,257,0,0,0,0,0,0,258,0,0,258,0,0,0,257,257,1396.032714843749,1375.292968750011,1473.803710937499,1731.2976074218761,1817.6560058593734,36789.078648601826,7.609314372341252,716315.5915811937,171.54449999999989,8192
stable,256,rotate,257,0,0,0,0,0,0,258,0,0,258,0,0,0,257,257,1754.3359374999995,1340.9301757812477,1455.9753417968807,4175.153808593746,6103.99560546875,2039404.6857782786,45.08381026892972,570016.2543697536,215.57279999999994,8192
stable,1024,move,1025,0,0,0,0,0,0,1026,0,0,1026,0,0,0,1025,1025,7061.295572916663,6577.441406249995,7783.56933593749,8278.247070312502,8515.454101562505,627825.0444503109,6.214648848681741,141617.0714954155,216.92299999999992,2048
stable,1024,rotate,1025,0,0,0,0,0,0,1026,0,0,1026,0,0,0,1025,1025,6088.645833333335,5333.251953125006,7576.318359375015,8839.438476562484,10241.0517578125,3472085.05864369,16.949470380614027,164240.13276077394,187.04320000000007,2048
stable,4096,move,4097,0,0,0,0,0,0,4098,0,0,4098,0,0,0,4097,4097,29424.921874999993,28754.492187500036,31122.753906250022,33387.50976562499,33514.767578125124,6303819.978169101,4.725722869140214,33984.7971134163,451.96679999999986,1024
stable,4096,rotate,4097,0,0,0,0,0,0,4098,0,0,4098,0,0,0,4097,4097,28351.158854166664,27968.066406249825,28996.630859375036,31242.021484375004,32103.951171875004,3290130.320776038,3.5433773265281436,35271.92680707772,435.4737999999999,1024
alternating,0,move,2,6,1,1,1,0,0,11,8,2,21,2,2,0.6666666666666666,1,1,80.12692769368492,78.78456115722673,80.57937622070314,97.2602844238281,97.91183471679686,62.75158062566104,5.475395703814056,12480198.964109458,315.07190000000014,262144
alternating,0,rotate,2,6,1,1,1,0,0,11,8,2,21,2,2,0.6666666666666666,1,1,77.19538370768231,73.78196716308604,76.65309906005854,96.34838104248047,100.11775970458984,105.28451699619362,7.361606362747976,12954142.488451447,303.54460000000006,262144
alternating,1,move,3,10,1,1,1,1,0,18,8,2,28,2,3.3333333333333335,1,2,2,97.51571655273435,96.12121582031237,98.16932678222665,122.51388549804672,123.69223022460925,124.72032670796295,6.342721909174029,10254757.236585777,191.72369999999995,131072
alternating,1,rotate,3,10,1,1,1,0,1,18,8,2,28,2,3.3333333333333335,0.6666666666666666,2,2,92.57441202799478,91.09115600585989,97.4567413330081,104.98779296874997,105.33044433593756,52.532795722419905,4.336166617040836,10802120.997512758,182.00869999999998,131072
alternating,16,move,18,41,1,1,1,16,0,123,8,2,133,2,13.666666666666666,6,17,17,347.472635904948,336.0855102539067,351.95922851562545,397.8575134277343,401.74801635742176,605.281124978014,3.9213862686776735,2877924.4656075668,341.57950000000005,65536
alternating,16,rotate,18,11,1,1,1,0,1,33,8,2,43,2,3.6666666666666665,0.6666666666666666,17,17,192.9418945312503,187.69073486328125,200.481414794923,213.8056945800785,222.03359985351545,148.53074674361568,3.498350429857438,5182907.540270019,189.6696000000003,65536
alternating,31,move,33,71,1,1,1,31,0,228,8,2,238,2,23.666666666666668,11,32,32,574.9580891927083,565.6860351562487,579.849243164062,614.8733520507815,638.4214477539067,577.6038466110148,2.315050754845992,1739257.206388883,282.60339999999997,32768
alternating,31,rotate,33,11,1,1,1,0,1,48,8,2,58,2,3.6666666666666665,0.6666666666666666,32,32,293.8407389322918,290.04821777343926,302.9586791992184,322.1908569335931,334.2477416992187,295.8477933314536,3.241931443539837,3403204.0745392516,144.42860000000005,32768
alternating,32,move,34,73,1,1,1,32,0,235,8,2,245,2,24.333333333333332,11.333333333333334,33,33,610.8150227864581,588.2598876953138,624.192810058594,687.4072265624999,731.5024414062498,2279.034658556876,4.328599670484204,1637156.852230207,300.2277999999999,32768
alternating,32,rotate,34,11,1,1,1,0,1,49,8,2,59,2,3.6666666666666665,0.6666666666666666,33,33,318.76159667968716,307.72705078125057,321.9375610351554,363.2086181640626,427.49035644531136,1323.838026661945,6.321688603651621,3137140.7673204327,156.67769999999982,32768
alternating,33,move,35,75,1,1,1,33,0,242,8,2,252,2,25,11.666666666666666,34,34,736.9911702473958,659.0240478515641,772.9217529296867,1082.2567749023426,1298.0211791992174,40192.29683554934,15.065751331453233,1356868.359310623,362.24589999999995,32768
alternating,33,rotate,35,11,1,1,1,0,1,50,8,2,60,2,3.6666666666666665,0.6666666666666666,34,34,386.1985270182295,355.438232421873,436.3708496093752,542.6657104492193,592.2758178710951,9160.644612762915,13.725686381838104,2589341.8282063967,189.8243000000002,32768
alternating,64,move,66,137,1,1,1,64,0,459,8,2,469,2,45.666666666666664,22,65,65,1069.1044108072917,1056.4208984375005,1070.9320068359382,1126.588745117189,1153.423217773439,953.1673707423233,1.5993596282129823,935362.3368225463,262.7431,16384
alternating,64,rotate,66,11,1,1,1,0,1,81,8,2,91,2,3.6666666666666665,0.6666666666666666,65,65,363.2430013020831,360.7849121093736,365.5242919921881,380.5902099609394,382.7879638671875,73.08367355948964,1.303450659544143,2752978.0241199248,89.27059999999994,16384
alternating,256,move,258,521,1,1,1,256,0,1803,8,2,1813,2,173.66666666666666,86,257,257,4076.816406250003,4005.1025390624995,4095.068359375009,4504.348144531249,4504.717285156242,40889.016968862314,2.7470328174469447,245289.43674454908,250.4796000000002,4096
alternating,256,rotate,258,11,1,1,1,0,1,273,8,2,283,2,3.6666666666666665,0.6666666666666666,257,257,1281.9612630208358,1207.2265624999968,1261.535644531249,1624.3701171875025,1781.9248046875025,37328.44053563562,8.346928399292512,780054.7714238905,78.76370000000014,4096
alternating,1024,move,1026,2057,1,1,1,1024,0,7179,8,2,7189,2,685.6666666666666,342,1025,1025,15273.29427083334,15144.091796875036,15756.103515624995,16413.291015624996,16910.78320312499,588150.331451779,2.7809496164128458,65473.75977097822,469.1956000000002,2048
alternating,1024,rotate,1026,11,1,1,1,0,1,1041,8,2,1051,2,3.6666666666666665,0.6666666666666666,1025,1025,6365.836588541671,6196.728515624972,6645.28808593752,7094.55566406251,7207.348632812501,215629.23726581546,4.039987340969482,157088.54383726598,195.55850000000012,2048
alternating,4096,move,4098,8201,1,1,1,4096,0,28683,8,2,28693,2,2733.6666666666665,1366,4097,4097,67062.48697916657,65675.9765624999,69743.06640624994,73551.09374999978,74004.12499999971,15968259.944734124,3.3001281823555164,14911.466082530715,515.0398999999992,512
alternating,4096,rotate,4098,11,1,1,1,0,1,4113,8,2,4123,2,3.6666666666666665,0.6666666666666666,4097,4097,27849.79166666669,27627.929687500164,28958.789062500044,30354.589843750146,30467.79296875008,2221366.427103751,2.963942800417651,35906.9113323708,213.88640000000018,512
replacement,0,move,1,0,0,0,0,0,0,2,0,0,2,0,0,0,1,1,35.45286814371748,35.344696044921875,36.39783859252929,37.98833847045898,38.595134735107436,2.4292043020804877,2.4347945016268384,28206462.618094485,278.81270000000023,524288
replacement,0,rotate,1,0,0,0,0,0,0,2,0,0,2,0,0,0,1,1,34.64471181233723,34.66606140136721,34.80281829833988,35.443496704101555,35.525741577148366,0.27299382816722123,0.8352589314367123,28864434.07053809,272.45709999999985,524288
replacement,1,move,2,6,1,1,1,0,0,11,8,2,21,2,2,0.6666666666666666,1,1,77.49308268229161,73.49395751953132,76.54552459716776,96.35978698730473,103.83403015136714,98.51764797903822,7.093747844823834,12904377.595866576,304.7151999999998,262144
replacement,1,rotate,2,6,1,1,1,0,0,11,8,2,21,2,2,0.6666666666666666,1,1,75.15708923339845,71.75483703613294,76.25255584716794,88.79405975341788,91.73372650146479,56.082839316720694,5.518571978230059,13305464.729940847,295.52970000000005,262144
replacement,16,move,17,144,16,16,16,0,0,116,128,32,276,32,4.363636363636363,0.9696969696969697,1,1,513.8065592447922,507.3181152343773,521.1257934570317,551.7501831054697,555.6893920898458,387.1077656568652,2.1207914539009334,1946257.754026786,252.54620000000023,32768
replacement,16,rotate,17,144,16,16,16,0,0,116,128,32,276,32,4.363636363636363,0.9696969696969697,1,1,507.2910563151044,504.1473388671877,513.5726928710942,530.2078247070308,544.0591430664057,202.99330069904195,1.5554831610627786,1971254.938464456,249.34370000000013,32768
replacement,31,move,32,279,31,31,31,0,0,221,248,62,531,62,4.428571428571429,0.9841269841269841,1,1,933.4726969401044,941.9708251953117,949.0692138671899,958.8638305664044,961.0769653320306,531.1474558852925,1.3673748886358763,1071268.6115812173,458.8205000000001,32768
replacement,31,rotate,32,279,31,31,31,0,0,221,248,62,531,62,4.428571428571429,0.9841269841269841,1,1,950.9993489583337,937.5610351562494,965.4342651367192,1038.833618164063,1044.7637939453105,2159.536861238014,2.70633627090591,1051525.4306907135,467.4352000000002,32768
replacement,32,move,33,288,32,32,32,0,0,228,256,64,548,64,4.430769230769231,0.9846153846153847,1,1,938.1225585937498,936.7126464843757,959.3017578124995,989.4708251953158,1006.5367431640622,1213.5395035147508,2.056596283840053,1065958.803398785,230.55299999999994,16384
replacement,32,rotate,33,288,32,32,32,0,0,228,256,64,548,64,4.430769230769231,0.9846153846153847,1,1,956.9645182291671,956.3110351562508,997.5616455078114,1032.3822021484377,1034.3133544921866,2469.7440887490234,2.876151832256274,1044970.8227954665,235.1836000000001,16384
replacement,33,move,34,297,33,33,33,0,0,235,264,66,565,66,4.432835820895522,0.9850746268656716,1,1,986.5165201822919,993.7988281249998,1006.7993164062511,1035.0170898437511,1038.2094726562502,1151.716868082713,1.9052420952884497,1013667.7689038767,242.44630000000006,16384
replacement,33,rotate,34,297,33,33,33,0,0,235,264,66,565,66,4.432835820895522,0.9850746268656716,1,1,976.0262044270838,987.5305175781266,1010.1348876953125,1026.580200195311,1032.6744384765623,1794.603242760521,2.4038336662670194,1024562.6556583985,239.86820000000012,16384
replacement,64,move,65,576,64,64,64,0,0,452,512,128,1092,128,4.465116279069767,0.9922480620155039,1,1,1780.550130208333,1783.3984375,1837.9882812500011,1901.77978515625,1902.2309570312475,5677.855539889437,2.3437950401490553,561624.1761657085,437.58799999999997,16384
replacement,64,rotate,65,576,64,64,64,0,0,452,512,128,1092,128,4.465116279069767,0.9922480620155039,1,1,1802.3754882812511,1772.1191406250002,1839.2272949218775,1976.2103271484364,2083.948120117187,11898.785420826574,3.351874201356019,554823.3464679449,442.9518000000003,16384
replacement,256,move,257,2304,256,256,256,0,0,1796,2048,512,4356,512,4.491228070175438,0.9980506822612085,1,1,7657.600911458332,7518.994140625013,7629.028320312509,8566.953125000022,9628.82031249999,437472.33481634175,4.783703298179563,130589.20301052326,235.24149999999997,2048
replacement,256,rotate,257,2304,256,256,256,0,0,1796,2048,512,4356,512,4.491228070175438,0.9980506822612085,1,1,7667.646484374998,7557.226562499991,7854.443359374991,8225.820312500007,8512.546875000013,130857.77071544393,2.612879274893877,130418.1148723775,235.55009999999993,2048
replacement,1024,move,1025,9216,1024,1024,1024,0,0,7172,8192,2048,17412,2048,4.497803806734993,0.9995119570522206,1,1,30035.57291666667,30034.37500000006,30642.675781250015,32245.80078125001,32511.03515625008,1615775.881449498,2.343885040503398,33293.85468272863,230.67320000000004,512
replacement,1024,rotate,1025,9216,1024,1024,1024,0,0,7172,8192,2048,17412,2048,4.497803806734993,0.9995119570522206,1,1,29646.692708333296,29710.156250000065,30882.031249999887,32679.941406249876,32764.269531249847,3314573.4921408445,3.4010987483226076,33730.57527320453,227.68659999999971,512
replacement,4096,move,4097,36864,4096,4096,4096,0,0,28676,32768,8192,69636,8192,4.499450750640791,0.9998779445868424,1,1,133570.3645833333,131843.74999999983,135819.14062500023,142992.1874999998,143814.68750000023,25727293.82905338,2.10314206057331,7486.690652671756,256.45509999999996,128
replacement,4096,rotate,4097,36864,4096,4096,4096,0,0,28676,32768,8192,69636,8192,4.499450750640791,0.9998779445868424,1,1,131015.78125000006,130756.24999999924,131833.59375000058,138117.42187500026,148679.1093750011,36352373.15151085,2.548733574394826,7632.668297354442,251.5503000000001,128
reorder,0,move,1,0,0,0,0,0,0,2,0,0,2,0,0,0,1,1,34.31624094645183,34.684753417968956,34.89303588867185,35.469799041748125,36.202846527099524,1.3103684274635161,1.8474754189788556,29140720.907060664,269.87390000000005,524288
reorder,0,rotate,1,0,0,0,0,0,0,2,0,0,2,0,0,0,1,1,34.60820515950521,34.830284118652344,35.15262603759768,36.59284591674815,38.33846664428715,2.3893915290717573,2.473695563716604,28894881.875298526,272.17,524288
reorder,1,move,2,0,0,0,0,0,0,3,0,0,3,0,0,0,2,2,37.847061157226555,37.57953643798825,39.375400543212905,39.666442871093786,39.67156982421877,2.064314554445447,2.102506960864706,26422130.79228898,297.6413999999999,524288
reorder,1,rotate,2,0,0,0,0,0,0,3,0,0,3,0,0,0,2,2,38.220558166503906,38.526725769042834,39.11056518554682,40.83700180053711,42.12034225463866,3.745882465279416,2.8045404940123557,26163929.77945543,300.5787,524288
reorder,16,move,17,199.75,0,0,0,12.4375,0,92.625,0,0,92.625,0,199.75,12.4375,17,17,307.4594116210937,304.5318603515628,316.0995483398434,327.01507568359364,329.7853393554683,172.384948004036,2.3650675335275464,3252461.8281400288,302.2448999999999,65536
reorder,16,rotate,17,195.25,0,0,0,8.375,4.0625,92.625,0,0,92.625,0,195.25,8.375,17,17,297.65645345052076,295.8282470703136,306.52847290039017,313.9939880371088,315.1877136230469,114.60552553069532,1.9919073889146404,3359577.75619412,292.60819999999995,65536
reorder,31,move,32,775.6875,0,0,0,27.625,0,198.75,0,0,198.75,0,775.6875,27.625,32,32,808.0983479817701,808.3160400390623,812.0193481445303,838.078308105468,861.3632202148441,586.8019119260078,1.660210698543839,1237473.1398690585,397.1964999999996,32768
reorder,31,rotate,32,774.0625,0,0,0,21.5625,6,198.375,0,0,198.375,0,774.0625,21.5625,32,32,789.8445638020834,789.8376464843745,799.7711181640639,824.5004272460928,845.3004760742153,709.1463696033786,1.8672736793496156,1266071.8903809239,388.2244,32768
reorder,32,move,33,835.9375,0,0,0,27.8125,0,200.875,0,0,200.875,0,835.9375,27.8125,33,33,904.6781412760413,907.0129394531251,931.665039062498,991.7950439453145,999.1402587890645,2905.5238614480404,3.2998925072072063,1105365.4934002361,222.3336999999999,16384
reorder,32,rotate,33,853.25,0,0,0,22.75,5.5,203.5,0,0,203.5,0,853.25,22.75,33,33,888.4981282552083,873.6083984374997,908.6334228515635,967.516479492185,986.9749755859389,1874.503992852724,2.698785292172402,1125494.7739324493,218.35729999999998,16384
reorder,33,move,34,887.4375,0,0,0,28.6875,0,207.125,0,0,207.125,0,887.4375,28.6875,34,34,1165.2555338541656,972.1130371093748,1528.738403320313,1658.9434814453127,1736.876586914062,106057.89040809627,15.478610969389322,858180.8632930743,286.37319999999977,16384
reorder,33,rotate,34,906.9375,0,0,0,24.0625,5,209.375,0,0,209.375,0,906.9375,24.0625,34,34,1102.665608723958,1011.8408203124984,1211.0809326171864,1530.5755615234357,1568.1219482421857,49109.66206590308,11.130670084192102,906893.2522138184,270.99109999999996,16384
reorder,64,move,65,2982.375,0,0,0,59.3125,0,421.875,0,0,421.875,0,2982.375,59.3125,65,65,2868.0004882812473,2811.926269531237,3054.8034667968736,3219.46533203125,3264.5278320312464,53622.0549643045,4.471715580069222,348674.97550507257,352.41989999999964,8192
reorder,64,rotate,65,2954.375,0,0,0,51.6875,7.5625,421.5,0,0,421.5,0,2954.375,51.6875,65,65,2962.2249348958326,3018.273925781245,3152.5146484375,3260.5090332031264,3389.933837890623,61027.528151159604,4.618771990904376,337584.08695427625,363.9981999999999,8192
reorder,256,move,257,18228.1875,0,0,0,249.1875,0,1753.125,0,0,1753.125,0,18228.1875,249.1875,257,257,14286.061197916679,14540.039062499955,14776.220703125065,15578.906250000022,16039.375000000076,831657.1487245291,3.5354225143136695,69998.30017148666,219.43390000000016,1024
reorder,256,rotate,257,18325.9375,0,0,0,240.6875,9.6875,1760.25,0,0,1760.25,0,18325.9375,240.6875,257,257,14381.386718750005,14347.656250000007,14968.603515625011,15363.261718749993,15384.371093750011,442033.6339133112,2.560404372020384,69534.32374474924,220.89810000000008,1024
reorder,1024,move,1025,80814.125,0,0,0,1016.125,0,7122.75,0,0,7122.75,0,80814.125,1016.125,1025,1025,62510.80729166662,62624.60937500025,64138.86718749984,66039.6484375001,67079.80468750012,7040339.108421741,2.350841497886399,15997.233811653414,240.04149999999981,256
reorder,1024,rotate,1025,80876.625,0,0,0,1005.25,11.5,7126.5,0,0,7126.5,0,80876.625,1005.25,1025,1025,62730.31249999997,63206.64062499981,64170.50781250011,65517.81249999986,66216.06249999991,5965396.048409574,2.156372859328134,15941.256469908394,240.88439999999989,256
reorder,4096,move,4097,332119.375,0,0,0,4086.25,0,28615.5,0,0,28615.5,0,332119.375,4086.25,4097,4097,328301.97916666773,329839.0624999996,335757.8125000007,343921.25000000175,347668.0000000003,153176927.12984082,2.087876675206918,3045.976154448749,315.169900000001,64
reorder,4096,rotate,4097,332214.6875,0,0,0,4072.6875,14.25,28619.625,0,0,28619.625,0,332214.6875,4072.6875,4097,4097,321266.0416666661,321903.1250000004,324295.31249999854,337329.3749999998,341464.6249999983,94171496.39601551,1.6729254202970574,3112.6850345345974,308.41539999999947,64
local-swap,0,move,1,0,0,0,0,0,0,2,0,0,2,0,0,0,1,1,34.44474538167319,34.975624084472706,35.68153381347658,36.1614227294922,36.71470642089842,2.6043907495304297,2.594847027865734,29032004.415165864,270.88450000000006,524288
local-swap,0,rotate,1,0,0,0,0,0,0,2,0,0,2,0,0,0,1,1,36.30306243896485,36.23752593994139,37.05492019653319,38.122043609619084,38.752338409423785,1.665162743717811,1.9686420034763574,27545885.465758357,285.49890000000005,524288
local-swap,1,move,2,0,0,0,0,0,0,3,0,0,3,0,0,0,2,2,36.978569030761726,36.18030548095707,38.22546005249029,40.79507827758792,40.80992507934571,3.671535088090394,2.8698249524687647,27042690.56945173,290.8113000000001,524288
local-swap,1,rotate,2,0,0,0,0,0,0,3,0,0,3,0,0,0,2,2,37.31030782063798,37.136650085449126,37.97330856323238,39.2719459533691,39.63798904418945,1.4304011807932286,1.7753409264677604,26802244.69889942,293.4201999999997,524288
local-swap,16,move,17,2,0,0,0,1,0,24,0,0,24,0,2,1,17,17,128.55804443359372,128.585052490234,131.8195343017578,133.2125091552734,133.9905242919921,10.973317033079088,1.4270900325132172,7778587.519791864,252.75539999999998,131072
local-swap,16,rotate,17,9,0,0,0,1,1,30,0,0,30,0,9,1,17,17,134.6980285644531,133.23135375976554,140.53688049316418,143.40263366699253,144.30796813964835,37.67835456944675,2.5238665740000754,7424013.630025025,264.8271,131072
local-swap,31,move,32,2,0,0,0,1,0,39,0,0,39,0,2,1,32,32,174.73602294921878,175.52642822265662,179.20112609863253,183.1749725341796,183.61375427246085,38.880885113029755,1.9763656254231585,5722918.39497009,343.5450000000001,131072
local-swap,31,rotate,32,9,0,0,0,1,1,45,0,0,45,0,9,1,32,32,237.43713378906253,234.80834960937486,239.64195251464815,251.90307617187494,257.1402587890624,66.15439968715687,1.8971968387991989,4211641.136505602,466.82040000000006,131072
local-swap,32,move,33,2,0,0,0,1,0,40,0,0,40,0,2,1,33,33,201.39943440755215,190.463256835938,197.66845703125077,262.4743652343751,284.12207031249994,1044.32739961581,8.886725318686025,4965257.240873869,395.9674000000001,131072
local-swap,32,rotate,33,9,0,0,0,1,1,46,0,0,46,0,9,1,33,33,289.51339721679676,252.16369628906256,314.27268981933577,423.37455749511736,441.6542816162107,4471.925407831012,12.792642899758775,3454071.5891332948,569.2064999999998,131072
local-swap,33,move,34,2,0,0,0,1,0,41,0,0,41,0,2,1,34,34,185.3181966145834,187.53662109374966,189.16397094726574,194.07379150390645,196.6449584960938,44.94605614759421,2.003592496972206,5396124.17057865,364.3504000000001,131072
local-swap,33,rotate,34,9,0,0,0,1,1,47,0,0,47,0,9,1,34,34,250.33309936523423,251.6357421874999,254.8503875732422,259.49279785156233,261.3419189453125,46.56216527135823,1.5096628730256678,3994677.5018392876,492.1748999999997,131072
local-swap,64,move,65,2,0,0,0,1,0,72,0,0,72,0,2,1,65,65,344.4302368164065,324.5758056640638,332.6286315917973,474.53033447265614,536.621154785156,4377.321138977991,10.638602970842133,2903345.5635111253,338.58870000000024,65536
local-swap,64,rotate,65,9,0,0,0,1,1,78,0,0,78,0,9,1,65,65,332.95694986979163,335.15777587890625,337.9455566406248,376.5939331054688,384.66204833984403,514.0701733485159,3.771419010294788,3003391.2804375063,327.30999999999995,65536
local-swap,256,move,257,2,0,0,0,1,0,264,0,0,264,0,2,1,257,257,1133.605550130207,1114.0808105468761,1161.2731933593745,1215.9307861328125,1245.4859619140634,2684.771165606606,2.531473240103872,882141.0585764503,278.59489999999965,16384
local-swap,256,rotate,257,9,0,0,0,1,1,270,0,0,270,0,9,1,257,257,1603.2910156249998,1591.3024902343732,1652.9205322265636,1696.5576171874989,1719.3212890625007,3683.569533484403,2.096542855342083,623717.0858281002,394.0247999999999,16384
local-swap,1024,move,1025,2,0,0,0,1,0,1032,0,0,1032,0,2,1,1025,1025,6760.939127604163,6574.267578125015,7121.069335937507,8073.89404296874,8271.985839843737,539136.2675144587,6.014837726407969,147908.44602003752,415.3920999999998,4096
local-swap,1024,rotate,1025,9,0,0,0,1,1,1038,0,0,1038,0,9,1,1025,1025,6417.257486979166,6423.43749999999,6614.794921875,7045.585937499992,7168.960937499992,178993.47363766772,3.651327598693608,155829.80767548038,394.27629999999994,4096
local-swap,4096,move,4097,2,0,0,0,1,0,4104,0,0,4104,0,2,1,4097,4097,27483.502604166682,27803.417968749967,28282.03124999995,29789.306640625065,30715.439453125116,2389982.898530538,3.115350991398523,36385.46419656108,422.14660000000026,1024
local-swap,4096,rotate,4097,9,0,0,0,1,1,4110,0,0,4110,0,9,1,4097,4097,27702.825520833332,27603.515624999964,28626.36718750006,30255.351562500033,30665.835937500073,2568274.540855912,3.2038953607689096,36097.40094013049,425.5154,1024
cyclic-left1,0,move,1,0,0,0,0,0,0,2,0,0,2,0,0,0,1,1,34.835522969563804,34.953308105468764,35.385417938232365,36.07490539550776,36.112075805664034,1.0658669419907991,1.6413863920306675,28706329.480792105,273.9577,524288
cyclic-left1,0,rotate,1,0,0,0,0,0,0,2,0,0,2,0,0,0,1,1,34.53545888264974,34.068107604980426,35.026550292968764,36.81718826293945,36.902317047119176,1.3639156712174751,1.8728810511968341,28955746.7123273,271.5979,524288
cyclic-left1,1,move,2,0,0,0,0,0,0,3,0,0,3,0,0,0,2,2,41.10913594563801,41.170310974121115,41.85333251953134,43.20072174072265,43.44788360595703,1.8889333944008584,1.8516190514913058,24325493.03206913,323.29539999999986,524288
cyclic-left1,1,rotate,2,0,0,0,0,0,0,3,0,0,3,0,0,0,2,2,44.6721903483073,44.110107421875085,46.17128372192379,48.45935821533203,50.310615539550824,6.508949463577254,3.1630049361189987,22385291.435298774,351.3164000000001,524288
cyclic-left1,16,move,17,30,0,0,0,15,0,108,0,0,108,0,30,15,17,17,223.63998413085938,224.6978759765624,227.55012512207065,234.0778350830078,235.52406311035162,53.81503573153229,1.8167034072190997,4471472.325873829,439.6941,131072
cyclic-left1,16,rotate,17,2,0,0,0,0,1,24,0,0,24,0,2,0,17,17,141.73777262369794,140.39993286132838,145.4345703125002,154.56993103027347,156.76725769042966,53.01395945605738,2.845058391150036,7055282.311052801,278.66780000000006,131072
cyclic-left1,31,move,32,60,0,0,0,30,0,213,0,0,213,0,60,30,32,32,368.7014770507813,373.03466796875017,380.94177246093733,388.22479248046915,389.0707397460945,253.12905273002144,2.389889309225273,2712221.3016311564,362.4483000000001,65536
cyclic-left1,31,rotate,32,2,0,0,0,0,1,39,0,0,39,0,2,0,32,32,191.7402140299478,190.5303955078118,197.29690551757847,215.66131591796815,216.21331787109253,172.2701881302526,3.7911723054176125,5215390.026861087,188.48829999999987,65536
cyclic-left1,32,move,33,62,0,0,0,31,0,220,0,0,220,0,62,31,33,33,389.4151814778645,387.1170043945309,403.06396484375,410.85098266601534,418.46536254882824,281.416766434199,2.385853498550932,2567953.299111023,382.81069999999994,65536
cyclic-left1,32,rotate,33,2,0,0,0,0,1,40,0,0,40,0,2,0,33,33,196.0677083333333,194.45648193359284,195.94345092773403,209.86129760742202,221.26791381835955,85.83274652205897,2.616990216103579,5100278.921503521,192.74239999999995,65536
cyclic-left1,33,move,34,64,0,0,0,32,0,227,0,0,227,0,64,32,34,34,385.19734700520837,385.41412353515665,388.9770507812507,395.9901428222664,399.79006958007903,49.39378387783114,1.0104958360359568,2596071.8778950437,378.66440000000006,65536
cyclic-left1,33,rotate,34,2,0,0,0,0,1,41,0,0,41,0,2,0,34,34,202.84342447916654,202.5207519531242,212.34817504882852,214.06692504882764,214.77017211913994,89.79349193119037,2.587278404751209,4929910.853988304,199.40319999999988,65536
cyclic-left1,64,move,65,126,0,0,0,63,0,444,0,0,444,0,126,63,65,65,722.5937906901041,727.340698242188,735.0204467773428,744.184265136719,746.2538452148433,358.2072509009101,1.4506232304098576,1383903.3948035487,355.1693,32768
cyclic-left1,64,rotate,65,2,0,0,0,0,1,72,0,0,72,0,2,0,65,65,336.8434651692706,333.02612304687494,341.9738769531262,375.71807861328153,378.8643188476566,384.6817036115161,3.2248112927595463,2968738.0145477364,165.5652999999999,32768
cyclic-left1,256,move,257,510,0,0,0,255,0,1788,0,0,1788,0,510,255,257,257,2750.2807617187523,2742.17529296876,2788.122558593752,2914.0734863281364,2957.3654785156336,8894.135377237373,1.8991379131184525,363599.2419097834,337.9545000000003,8192
cyclic-left1,256,rotate,257,2,0,0,0,0,1,264,0,0,264,0,2,0,257,257,1131.2174479166667,1130.5297851562439,1148.297119140624,1191.8701171875045,1213.4033203125084,1664.2081453688681,1.9972820253992711,884003.3380334378,139.004,8192
cyclic-left1,1024,move,1025,2046,0,0,0,1023,0,7164,0,0,7164,0,2046,1023,1025,1025,12649.973958333347,12542.968749999938,12731.933593749967,14326.347656250047,14845.113281250016,711060.8556838336,3.6918616783165064,79051.54613707612,97.15180000000011,512
cyclic-left1,1024,rotate,1025,2,0,0,0,0,1,1032,0,0,1032,0,2,0,1025,1025,8002.135416666671,7538.281250000001,8046.679687500058,9718.398437499996,9751.648437499982,768498.543148936,6.06732550240808,124966.64301846507,61.45640000000003,512
cyclic-left1,4096,move,4097,8190,0,0,0,4095,0,28668,0,0,28668,0,8190,4095,4097,4097,49803.94531249995,50190.429687499985,50955.85937500013,52450.4296875,52841.3359375001,4298279.687064466,2.3055006825522013,20078.730585004818,382.49429999999955,512
cyclic-left1,4096,rotate,4097,2,0,0,0,0,1,4104,0,0,4104,0,2,0,4097,4097,30570.45572916671,30511.132812500062,31528.808593749956,32520.214843750007,32668.41796875011,1726510.7806977269,2.380479255667582,32711.321311638752,234.78110000000035,512
cyclic-left2,0,move,1,0,0,0,0,0,0,2,0,0,2,0,0,0,1,1,35.02371470133462,35.077857971191385,36.20405197143556,36.96134567260743,37.61214828491207,2.0711249498639455,2.2757398304269487,28552082.739581414,275.4376999999999,524288
cyclic-left2,0,rotate,1,0,0,0,0,0,0,2,0,0,2,0,0,0,1,1,36.1891047159831,35.86158752441409,37.19539642333986,39.51257705688484,40.78673171997079,4.2359998295156815,3.1497914135680287,27632626.113525957,284.6027000000002,524288
cyclic-left2,1,move,2,0,0,0,0,0,0,3,0,0,3,0,0,0,2,2,41.76258087158201,41.2700653076171,43.41011047363287,44.58015441894522,45.420547485351534,3.8459401247174765,2.600731971995359,23944880.300260976,328.43429999999984,524288
cyclic-left2,1,rotate,2,0,0,0,0,0,0,3,0,0,3,0,0,0,2,2,39.95704650878908,40.35358428955069,40.95287322998048,43.230514526367116,43.27409362792952,3.56449901508818,2.6169024715757523,25026874.791159473,314.2350000000001,524288
cyclic-left2,16,move,17,56,0,0,0,14,0,102,0,0,102,0,56,14,17,17,231.67765299479177,230.23071289062642,231.2591552734375,242.19131469726554,255.4743957519537,63.35355390218262,1.902755619243948,4316342.068703883,227.7484000000001,65536
cyclic-left2,16,rotate,17,4,0,0,0,0,1,24,0,0,24,0,4,0,17,17,149.4809977213543,149.78332519531307,153.2531738281254,160.67398071289003,163.17849731445287,52.6822427775532,2.6892291289863905,6689813.523081293,146.9458000000001,65536
cyclic-left2,31,move,32,116,0,0,0,29,0,207,0,0,207,0,116,29,32,32,412.6232910156251,392.70935058593767,413.5353088378906,497.17376708984494,540.38201904297,2093.326329719308,6.141103210190538,2423518.0654456373,405.6252000000001,65536
cyclic-left2,31,rotate,32,4,0,0,0,0,1,39,0,0,39,0,4,0,32,32,207.89540608723956,200.22125244140673,214.68811035156227,255.00808715820273,279.30728149414085,730.5257387148879,7.200365383299196,4810111.097791011,204.36949999999996,65536
cyclic-left2,32,move,33,120,0,0,0,30,0,214,0,0,214,0,120,30,33,33,404.29819742838544,404.8171997070313,412.6525878906254,432.9277038574214,433.36776733398324,275.6451512243359,2.274338172638743,2473421.8612912144,397.4413,65536
cyclic-left2,32,rotate,33,4,0,0,0,0,1,40,0,0,40,0,4,0,33,33,203.87573242187486,200.86975097656241,208.4777832031255,228.2728576660158,242.70779418945332,233.3261721235372,4.149519987458808,4904948.657306233,200.41799999999986,65536
cyclic-left2,33,move,34,124,0,0,0,31,0,221,0,0,221,0,124,31,34,34,445.46579996744794,415.1763916015634,421.7407226562502,567.808837890625,774.2917480468757,11320.878532338224,13.22840141355972,2244841.242746523,437.9107,65536
cyclic-left2,33,rotate,34,4,0,0,0,0,1,41,0,0,41,0,4,0,34,34,217.25402832031256,213.44757080078105,224.63378906250037,247.1092224121101,256.3249206542963,276.07186724033016,4.235697195979804,4602906.596169675,213.56940000000006,65536
cyclic-left2,64,move,65,248,0,0,0,62,0,438,0,0,438,0,248,62,65,65,744.352416992188,747.824096679688,758.6975097656256,792.4856567382815,805.6089477539075,1025.5963419165016,2.3828203237072088,1343449.6579467615,365.86410000000024,32768
cyclic-left2,64,rotate,65,4,0,0,0,0,1,72,0,0,72,0,4,0,65,65,331.8438720703129,336.11145019531335,342.70629882812534,345.49499511718693,346.4964599609381,180.1060682960694,2.2398144266370648,3013465.319582923,163.1079000000002,32768
cyclic-left2,256,move,257,1016,0,0,0,254,0,1782,0,0,1782,0,1016,254,257,257,2911.2247721354142,2914.721679687496,2994.3725585937464,3198.143310546868,3286.894287109377,33465.6199145888,3.4802093224887103,343498.0388912016,357.7312999999997,8192
cyclic-left2,256,rotate,257,4,0,0,0,0,1,264,0,0,264,0,4,0,257,257,1143.8435872395853,1132.2998046875005,1171.7163085937545,1256.3977050781284,1279.6877441406343,4714.174646706911,3.3244351013022357,874245.4048400795,140.55550000000025,8192
cyclic-left2,1024,move,1025,4088,0,0,0,1022,0,7158,0,0,7158,0,4088,1022,1025,1025,12869.778645833332,12841.210937500015,13210.839843749989,14017.46093749998,14204.273437499965,498108.7192353428,3.0371948981236696,77701.41410503248,98.83989999999999,512
cyclic-left2,1024,rotate,1025,4,0,0,0,0,1,1032,0,0,1032,0,4,0,1025,1025,7890.55989583333,7652.7343750000255,8138.671875000004,9271.660156250004,10295.73828124996,832583.4474109411,6.404536902585566,126733.71892507368,60.59949999999998,512
cyclic-left2,4096,move,4097,16376,0,0,0,4094,0,28662,0,0,28662,0,16376,4094,4097,4097,73081.92708333377,63847.65625000011,91427.34375000038,103933.75000000055,107295.50000000025,439588386.2188447,15.88893474159403,13683.273552156354,140.31730000000084,128
cyclic-left2,4096,rotate,4097,4,0,0,0,0,1,4104,0,0,4104,0,4,0,4097,4097,50678.697916666715,49336.71875000023,62222.26562499999,80032.73437500038,80353.42187500047,261520219.4184858,17.67294211134187,19732.156529442516,97.30310000000009,128
cyclic-right1,0,move,1,0,0,0,0,0,0,2,0,0,2,0,0,0,1,1,40.76070149739579,38.10653686523433,39.58997726440431,61.52774810791006,61.73838043212888,74.99198479629156,11.766503853886602,24533434.491157867,320.55519999999973,524288
cyclic-right1,0,rotate,1,0,0,0,0,0,0,2,0,0,2,0,0,0,1,1,38.6373011271159,37.14427947998052,38.81778717041014,46.3129997253418,54.39702987670896,29.403186965889056,7.772703245006108,25881724.93492807,303.85610000000014,524288
cyclic-right1,1,move,2,0,0,0,0,0,0,3,0,0,3,0,0,0,2,2,66.59093221028648,66.415786743164,68.27812194824227,70.59829711914045,71.39382934570314,8.850283439858263,2.4742590200163694,15017059.632715687,261.84620000000007,262144
cyclic-right1,1,rotate,2,0,0,0,0,0,0,3,0,0,3,0,0,0,2,2,68.35879007975262,67.77153015136714,70.27301788330078,74.10762786865237,75.25670623779284,13.96268969706617,3.0274141951041966,14628696.599710485,268.7977000000001,262144
cyclic-right1,16,move,17,7,0,0,0,1,0,24,0,0,24,0,7,1,17,17,178.0933634440103,174.22866821289062,180.78994750976574,206.7087554931642,216.23249816894514,216.04058082171383,4.570898726322165,5615032.366517038,350.1457999999998,131072
cyclic-right1,16,rotate,17,7,0,0,0,1,0,24,0,0,24,0,7,1,17,17,175.20207722981775,176.50680541992162,181.70661926269537,188.0720520019531,189.67678833007818,85.19912212311074,2.917829938024984,5707694.884737413,344.46130000000005,131072
cyclic-right1,31,move,32,7,0,0,0,1,0,39,0,0,39,0,7,1,32,32,227.37854003906247,225.75683593750034,231.4773559570311,239.78927612304662,246.03646850585886,61.96949903719876,1.917437364288516,4397952.41814907,223.52219999999997,65536
cyclic-right1,31,rotate,32,7,0,0,0,1,0,39,0,0,39,0,7,1,32,32,228.4425862630209,225.32501220703244,237.06665039062477,244.96582031249963,246.43212890624974,102.21018318441233,2.4510472420475105,4377467.513209795,224.56820000000005,65536
cyclic-right1,32,move,33,7,0,0,0,1,0,40,0,0,40,0,7,1,33,33,239.10725911458312,237.31689453124986,243.6347961425774,254.43168640136705,262.9078216552733,92.10878647752791,2.222999863890509,4182223.507989725,470.1039999999996,131072
cyclic-right1,32,rotate,33,7,0,0,0,1,0,40,0,0,40,0,7,1,33,33,240.57189941406247,238.11035156250017,243.9056396484375,252.38700866699182,254.2451019287107,48.80389870543487,1.608288765990545,4156761.4606510676,472.98359999999997,131072
cyclic-right1,33,move,34,7,0,0,0,1,0,41,0,0,41,0,7,1,34,34,251.32670084635404,249.4415283203124,259.5886230468752,266.6586303710937,268.89569091796864,105.51201940203894,2.2635703899259303,3978884.8404584737,247.0641999999999,65536
cyclic-right1,33,rotate,34,7,0,0,0,1,0,41,0,0,41,0,7,1,34,34,248.82181803385367,246.10290527343759,251.7623901367185,269.9467468261717,280.84237670898426,173.58281811522218,2.9325577645369756,4018940.1713315356,244.6017999999995,65536
cyclic-right1,64,move,65,7,0,0,0,1,0,72,0,0,72,0,7,1,65,65,383.9963785807291,378.80554199218665,398.15673828124926,407.3950195312493,419.3049316406238,288.94599788776446,2.4516748962732104,2604191.2262195097,377.48379999999986,65536
cyclic-right1,64,rotate,65,7,0,0,0,1,0,72,0,0,72,0,7,1,65,65,381.5827433268231,374.9130249023451,395.32623291015614,403.87207031250017,404.5915527343753,225.90579879692427,2.181507098660229,2620663.5847352943,375.1111000000002,65536
cyclic-right1,256,move,257,7,0,0,0,1,0,264,0,0,264,0,7,1,257,257,1303.1518554687498,1270.3735351562439,1338.549804687502,1422.742309570312,1443.6842041015627,4071.334008659764,2.7117834552966644,767370.2767666285,320.26259999999996,16384
cyclic-right1,256,rotate,257,7,0,0,0,1,0,264,0,0,264,0,7,1,257,257,1302.4365234375005,1304.9255371093764,1331.1340332031236,1391.1486816406227,1414.650634765626,3198.6665949224744,2.404969583328353,767791.7364914764,320.0868000000001,16384
cyclic-right1,1024,move,1025,7,0,0,0,1,0,1032,0,0,1032,0,7,1,1025,1025,6643.746744791669,6322.412109375008,6486.376953125011,8331.5673828125,9081.743164062496,824319.3478130166,7.568613788634589,150517.4773231603,204.09590000000006,2048
cyclic-right1,1024,rotate,1025,7,0,0,0,1,0,1032,0,0,1032,0,7,1,1025,1025,6881.731770833332,6626.562499999988,7446.6552734375055,8195.90332031249,8224.532226562516,706404.6273458551,6.764110498126133,145312.2605327738,211.40679999999998,2048
cyclic-right1,4096,move,4097,7,0,0,0,1,0,4104,0,0,4104,0,7,1,4097,4097,33171.69270833335,33387.109375,34025.48828125007,34627.55859374997,35327.23046875016,1682245.5404373573,2.1655026835973628,30146.185447714015,254.75860000000014,512
cyclic-right1,4096,rotate,4097,7,0,0,0,1,0,4104,0,0,4104,0,7,1,4097,4097,33046.84895833323,32908.20312500009,34136.62109374993,35013.55468749996,35199.27343749997,1836550.7118589994,2.2711879425703416,30260.071126927698,253.7997999999992,512
insert-front,0,move,1.5,0.5,0.5,0.5,0.5,0,0,6.5,4,1,11.5,1,0.25,0.5,1,1,50.25428771972659,49.654960632324226,52.417278289794986,52.868976593017535,52.99597549438478,4.122573327289711,2.2376529982948226,19898799.592526402,395.21580000000023,524288
insert-front,0,rotate,1.5,0.5,0.5,0.5,0.5,0,0,6.5,4,1,11.5,1,0.25,0.5,1,1,49.404869079589865,49.766921997070405,50.62694549560554,51.929798126220696,52.58017349243164,3.6221402853179323,2.133509335259708,20240919.94635241,388.5357000000002,524288
insert-front,1,move,2.5,4,0.5,0.5,0.5,0.5,0,10.5,4,1,15.5,1,2,0.75,2,2,62.07247416178386,61.24763488769532,64.06841278076185,64.98134613037095,65.61559295654294,4.793939951230768,1.953569676531495,16110200.431090109,244.07890000000003,262144
insert-front,1,rotate,2.5,4,0.5,0.5,0.5,0,0.5,10.5,4,1,15.5,1,2,0.5,2,2,64.64284261067705,63.0340576171875,66.13464355468754,72.11189270019536,72.398147583008,13.022881210504993,3.091823975993164,15469616.737349823,254.1859999999999,262144
insert-front,16,move,17.5,20.5,0.5,0.5,0.5,8,0,70.5,4,1,75.5,1,10.25,4.5,17,17,226.4933268229168,224.15924072265602,234.63439941406244,242.87483215332085,250.17347717285165,121.33189574039041,2.6934799540843954,4415141.117079565,445.30400000000026,131072
insert-front,16,rotate,17.5,5.5,0.5,0.5,0.5,0,0.5,25.5,4,1,30.5,1,2.75,0.5,17,17,157.76824951171875,153.48052978515597,163.58680725097642,174.10881042480466,179.26695251464858,85.24022264672196,3.2410396773858263,6338410.948305043,310.185,131072
insert-front,31,move,32.5,35.5,0.5,0.5,0.5,15.5,0,130.5,4,1,135.5,1,17.75,8.25,32,32,368.5894775390626,364.54467773437517,376.31149291992176,385.2243041992188,387.21697998046847,104.6284990651217,1.5369641292873275,2713045.436556233,362.33820000000014,65536
insert-front,31,rotate,32.5,5.5,0.5,0.5,0.5,0,0.5,40.5,4,1,45.5,1,2.75,0.5,32,32,192.4752807617185,189.31274414062463,193.93234252929653,204.75723266601548,210.4814758300788,49.222076710846984,2.0187692069209073,5195472.353865456,189.21089999999975,65536
insert-front,32,move,33.5,36.5,0.5,0.5,0.5,16,0,134.5,4,1,139.5,1,18.25,8.5,33,33,392.5260416666668,393.2769775390633,405.1956176757811,417.00607299804716,417.7725524902346,257.9162385802475,2.265961545776196,2547601.6718635964,385.86880000000014,65536
insert-front,32,rotate,33.5,5.5,0.5,0.5,0.5,0,0.5,41.5,4,1,46.5,1,2.75,0.5,33,33,200.70007324218756,198.03161621093773,208.75625610351562,214.05502319335935,218.06002807617196,85.43326060420559,2.5506309598113366,4982559.218069075,197.29620000000006,65536
insert-front,33,move,34.5,37.5,0.5,0.5,0.5,16.5,0,138.5,4,1,143.5,1,18.75,8.75,34,34,404.6349080403646,399.6963500976563,425.59356689453034,435.5450439453115,436.08850097656205,457.3624537414914,2.9271742412023993,2471363.6419630023,397.7723000000001,65536
insert-front,33,rotate,34.5,5.5,0.5,0.5,0.5,0,0.5,42.5,4,1,47.5,1,2.75,0.5,34,34,201.05845133463515,199.71466064453054,204.8194885253909,219.2785644531245,231.95751953125026,137.65499350570963,3.231880685148145,4973678.019312068,197.64849999999973,65536
insert-front,64,move,65.5,68.5,0.5,0.5,0.5,32,0,262.5,4,1,267.5,1,34.25,16.5,65,65,720.830281575521,716.5954589843735,732.0358276367185,755.3213500976558,785.9617309570314,640.0411332114685,1.9438045168500673,1387289.1102941693,354.30250000000007,32768
insert-front,64,rotate,65.5,5.5,0.5,0.5,0.5,0,0.5,73.5,4,1,78.5,1,2.75,0.5,65,65,322.69755045572924,318.8507080078111,327.99987792968795,350.5432128906247,381.30493164062494,431.5152722632599,3.5652015257404766,3098876.9471220067,158.61230000000003,32768
insert-front,256,move,257.5,260.5,0.5,0.5,0.5,128,0,1030.5,4,1,1035.5,1,130.25,64.5,257,257,2773.4806315104156,2624.145507812495,2751.239013671875,3365.3515625,4370.248046875001,273013.43225723284,10.433944854772049,360557.77301585407,340.8052999999999,8192
insert-front,256,rotate,257.5,5.5,0.5,0.5,0.5,0,0.5,265.5,4,1,270.5,1,2.75,0.5,257,257,1109.1845703124986,1124.2309570312498,1147.8149414062486,1198.200683593746,1260.0795898437486,4672.957250050216,3.413294425170495,901563.2084732866,136.2965999999998,8192
insert-front,1024,move,1025.5,1028.5,0.5,0.5,0.5,512,0,4102.5,4,1,4107.5,1,514.25,256.5,1025,1025,11094.729817708327,10958.837890624962,11259.008789062482,12040.25878906249,12218.403320312507,313795.5817040953,2.7963295271650908,90132.88439019916,340.83009999999985,2048
insert-front,1024,rotate,1025.5,5.5,0.5,0.5,0.5,0,0.5,1033.5,4,1,1038.5,1,2.75,0.5,1025,1025,6462.44140625,6393.261718750043,6734.692382812505,7214.66308593748,7556.760742187483,231386.06180463583,4.1224333775640005,154740.2811316592,198.5262,2048
insert-front,4096,move,4097.5,4100.5,0.5,0.5,0.5,2048,0,16390.5,4,1,16395.5,1,2050.25,1024.5,4097,4097,45098.39843749999,44709.1796875001,46494.72656249975,48612.968750000204,48722.12500000004,3792771.073477774,2.3916568208330014,22173.73642183455,346.35569999999996,512
insert-front,4096,rotate,4097.5,5.5,0.5,0.5,0.5,0,0.5,4105.5,4,1,4110.5,1,2.75,0.5,4097,4097,26661.692708333394,27016.406250000015,27164.843749999945,28602.14843749997,30184.804687499975,2317293.079194442,3.1621642954227314,37506.995933811784,204.76180000000048,512
failure-retry,0,move,1,0,0,0,0,0,0,2,0,0,2,0,0,0,1,1,34.162356058756515,34.76963043212895,35.145473480224524,36.68859481811527,38.13193893432613,3.469883766055644,3.019891333008366,29271985.757659107,268.66370000000006,524288
failure-retry,0,rotate,1,0,0,0,0,0,0,2,0,0,2,0,0,0,1,1,33.580080668131515,33.29219818115235,34.612846374511705,35.45907974243167,36.04857254028322,1.8477652424952384,2.241936608766484,29779559.194121573,264.08450000000005,524288
failure-retry,1,move,2,0,0,0,0,0,0,3,0,0,3,0,0,0,2,2,42.65637715657554,42.10624694824211,44.013786315917955,45.93833923339842,46.038101196289084,4.328886422583583,2.70138071410066,23443153.56012011,335.4634000000001,524288
failure-retry,1,rotate,2,0,0,0,0,0,0,3,0,0,3,0,0,0,2,2,41.23298645019531,41.420173645019496,42.42725372314454,43.35523605346677,43.76977157592772,2.840777829987876,2.263890988091576,24252427.148537606,324.2694,524288
failure-retry,16,move,19,30,0,0,0,15,0,111,0,0,111,0,30,15,17,17,514.655558268229,525.1800537109351,529.0313720703123,534.3548583984366,536.6585693359364,363.2522396565767,2.0510164793132812,1943047.1194460867,252.9634999999999,32768
failure-retry,16,rotate,19,2,0,0,0,0,1,27,0,0,27,0,2,0,17,17,431.7449951171875,441.2689208984355,446.57287597656136,456.3769531249997,464.8227539062513,401.2443713311436,2.569560406437568,2316182.0317768184,212.2113,32768
failure-retry,31,move,34,60,0,0,0,30,0,216,0,0,216,0,60,30,32,32,676.4776611328124,678.6285400390609,694.7662353515623,704.2233276367177,713.2348022460942,534.6506583903453,1.8930551232276696,1478245.413640748,332.50229999999993,32768
failure-retry,31,rotate,34,2,0,0,0,0,1,42,0,0,42,0,2,0,32,32,475.457356770833,480.2795410156248,485.98480224609295,503.3239746093751,519.5661621093742,469.52354837030396,2.5240548290044638,2103238.0417703637,233.69679999999983,32768
failure-retry,32,move,35,62,0,0,0,31,0,223,0,0,223,0,62,31,33,33,664.6651204427084,658.8317871093745,683.2168579101574,693.1622314453115,703.8741455078116,439.10589317480475,1.7460770773310628,1504517.0406022475,326.6962,32768
failure-retry,32,rotate,35,2,0,0,0,0,1,43,0,0,43,0,2,0,33,33,464.4177246093754,453.8665771484374,473.19335937500045,502.42553710937545,516.1247558593757,454.6237401664235,2.542722323812857,2153233.9249995383,228.2706000000002,32768
failure-retry,33,move,36,64,0,0,0,32,0,230,0,0,230,0,64,32,34,34,681.5102132161461,687.8936767578132,698.6755371093753,718.6175537109381,733.3865966796877,730.292429171863,2.196128245062276,1467329.4407149882,334.97590000000014,32768
failure-retry,33,rotate,36,2,0,0,0,0,1,44,0,0,44,0,2,0,34,34,482.5048828125001,473.587036132813,496.9345092773452,516.291503906249,517.84326171875,441.1265722342868,2.4108021159882966,2072517.8865984592,237.16080000000005,32768
failure-retry,64,move,67,126,0,0,0,63,0,447,0,0,447,0,126,63,65,65,998.6263020833329,986.0046386718744,1020.4650878906252,1126.0748291015598,1133.4132080078116,4665.680615320038,3.7882285227602566,1001375.5875584303,245.4223999999999,16384
failure-retry,64,rotate,67,2,0,0,0,0,1,75,0,0,75,0,2,0,65,65,599.5992024739581,583.3923339843734,619.2199707031245,643.9880371093741,659.7448730468784,837.8525379868031,2.6736491434422955,1667780.7373224986,147.35749999999993,16384
failure-retry,256,move,259,510,0,0,0,255,0,1791,0,0,1791,0,510,255,257,257,2878.2047526041647,2852.5756835937473,2937.255859374998,3119.4897460937505,3192.9897460937505,19458.409246944557,2.684192432385412,347438.7981241474,353.67379999999974,8192
failure-retry,256,rotate,259,2,0,0,0,0,1,267,0,0,267,0,2,0,257,257,1397.3234049479177,1393.6767578124898,1442.9382324218745,1474.167480468752,1513.6518554687573,3792.0883610135143,2.4407537078747312,715653.939853153,171.70310000000012,8192
failure-retry,1024,move,1027,2046,0,0,0,1023,0,7167,0,0,7167,0,2046,1023,1025,1025,11350.631510416662,11258.691406249965,12088.91601562502,12884.902343749995,13064.167968749993,1017142.5892512101,4.920990897955639,88100.8249701599,348.6913999999999,2048
failure-retry,1024,rotate,1027,2,0,0,0,0,1,1035,0,0,1035,0,2,0,1025,1025,6958.09570312501,6673.242187499984,7339.23339843752,8486.523437500004,9128.007812500004,846082.2129930713,7.321457601008093,143717.48286688287,213.7527000000003,2048
failure-retry,4096,move,4099,8190,0,0,0,4095,0,28671,0,0,28671,0,8190,4095,4097,4097,47409.30989583344,47359.570312500044,48194.140624999825,51205.93750000015,51708.84375000025,6060225.337800597,2.87582476824712,21092.903528804265,364.1035000000008,512
failure-retry,4096,rotate,4099,2,0,0,0,0,1,4107,0,0,4107,0,2,0,4097,4097,29646.74479166671,29782.8124999997,30255.27343750012,31071.542968749964,32134.777343750036,1540804.7412691645,2.3188809630606535,33730.51601540706,227.68700000000035,512
