scenario,group,dimension,size,framework,successfulTrials,failedTrials,medianOpsPerSecond,medianNsPerOperation,medianP99Ns,medianP999Ns,medianRetainedHeapDeltaBytesPerOperation,medianGcPauseMs,throughputVsReflex
diamond-fan-in,scaling,fan-in,16,reflex,1,0,49554.013875123885,20180,36000,,2800.8,7.21000000834465,1
diamond-fan-in,scaling,fan-in,16,reflex-e87bb66,1,0,49431.537320810676,20230,30600,,-21028.8,5.360900014638901,0.9975284231339594
diamond-fan-in,scaling,fan-in,16,alien,1,0,65746.21959237344,15210,20900,,362.4,6.069399982690811,1.326758711374096
diamond-fan-in,scaling,fan-in,16,solid2,1,0,19801.980198019803,50500,112300,,6818.4,7.6261999905109406,0.3996039603960396
diamond-fan-in,scaling,fan-in,16,vue,1,0,43975.37379067722,22740,39400,,53135.2,7.835099995136261,0.8874230430958664
wide-fanout,scaling,fan-out,16,reflex,1,0,49825.610363726955,20070,25600,,-44465.6,7.660099983215332,1
wide-fanout,scaling,fan-out,16,reflex-e87bb66,1,0,49261.08374384236,20300,22900,,-43145.6,6.758899986743927,0.9886699507389162
wide-fanout,scaling,fan-out,16,alien,1,0,60716.45415907711,16470,18100,,31032.8,5.825500011444092,1.2185792349726776
wide-fanout,scaling,fan-out,16,solid2,1,0,19168.104274487254,52170,69800,,26545.6,7.610399961471558,0.3847038527889592
wide-fanout,scaling,fan-out,16,vue,1,0,43572.98474945534,22950,48100,,34084,6.627499997615814,0.8745098039215686
