scenario,group,dimension,size,framework,successfulTrials,failedTrials,comparableTrials,status,medianOpsPerSecond,medianAbsoluteDeviationOpsPerSecond,relativeMadPercent,medianNsPerOperation,medianP99Ns,medianP999Ns,medianSignalReadsPerOperation,medianSignalWritesPerOperation,medianComputedRunsPerOperation,medianEffectRunsPerOperation,medianRetainedHeapDeltaBytesPerOperation,medianGcPauseMs,pairedRatioTrials,throughputVsReflex
changed-chain,scaling,depth,1,reflex,5,0,5,comparable,17313586.149131082,389133.2282557562,2.247559950341574,57.758109232048795,300,,1,1,1,1,63.452,10.985000044107437,5,1
changed-chain,scaling,depth,1,reflex-e87bb66,5,0,5,comparable,15980569.646632848,230412.0471371673,1.4418262441959682,62.575992102428145,300,,1,1,1,1,-11.512,10.474799931049347,5,0.9328386115516502
changed-chain,scaling,depth,1,alien,5,0,5,comparable,16893234.48541241,129124.48136043921,0.7643561774504483,59.19529506699955,400,,1,1,1,1,-45.924,15.892100006341934,5,0.9444163158729089
changed-chain,scaling,depth,1,solid2,5,0,5,comparable,2324411.043688301,42589.400395315606,1.832266307242118,430.2165069794334,1000,,1,1,1,1,-19.028,10.958499908447266,5,0.13456599385540435
changed-chain,scaling,depth,1,vue,5,0,5,comparable,12235491.010268321,152087.01094671525,1.2429988369006209,81.7294540252431,400,,1,1,1,1,112.288,10.462199926376343,5,0.7011573251417437
changed-chain,scaling,depth,16,reflex,5,0,5,comparable,2363053.4906835775,60591.656130680814,2.5641254575728216,423.1812796208531,800,,1,1,16,1,0.66,7.507699906826019,5,1
changed-chain,scaling,depth,16,reflex-e87bb66,5,0,5,comparable,2273252.160612711,50567.35737246275,2.224449986174578,439.8984051687734,800,,1,1,16,1,-6.388,7.724400043487549,5,0.9655107094077436
changed-chain,scaling,depth,16,alien,5,0,5,comparable,1922282.650650311,84642.33164126845,4.403219870534326,520.2148600059926,1100,,1,1,16,1,42.324,18.10839992761612,5,0.8479435870844751
changed-chain,scaling,depth,16,solid2,5,0,5,comparable,377335.4006689113,11899.70597095351,3.1536150464172255,2650.1621587247755,3700,,1,1,16,1,2.304,7.527400016784668,5,0.1584364166790772
changed-chain,scaling,depth,16,vue,5,0,5,comparable,1556456.8384170486,59196.6648654975,3.8032962690890826,642.4848896015789,1100,,1,1,16,1,3.312,7.179400056600571,5,0.6516792683207155
changed-chain,scaling,depth,256,reflex,5,0,5,comparable,147128.8768395106,1064.655946914223,0.7236213378258562,6796.762277270752,8500,,1,1,256,1,2.42,6.288300007581711,5,1
changed-chain,scaling,depth,256,reflex-e87bb66,5,0,5,comparable,155922.73215527704,3997.148048683157,2.5635441307573816,6413.433026584867,10300,,1,1,256,1,2.492,5.664700001478195,5,0.9851398706241946
changed-chain,scaling,depth,256,alien,5,0,5,comparable,94708.00629574829,6202.112431213289,6.548667503194731,10558.769412559082,17400,,1,1,256,1,20.312,18.867299914360046,5,0.6216274123052355
changed-chain,scaling,depth,256,solid2,5,0,5,comparable,27233.361820445494,934.8538452501634,3.4327522669210833,36719.667832167834,62400,,1,1,256,1,2.66,9.621700048446655,5,0.18901171404225536
changed-chain,scaling,depth,256,vue,5,0,5,comparable,61671.07031660346,4825.070903059379,7.823880594724078,16215.05829015544,16800,,1,1,256,1,1.216,5.892800003290176,5,0.4216186907670925
changed-chain,scaling,depth,4096,reflex,5,0,5,comparable,8387.6844512117,176.84080691785857,2.108338814442546,119222.41541353383,196800,,1,1,4096,1,56.348,19.27930024266243,5,1
changed-chain,scaling,depth,4096,reflex-e87bb66,5,0,5,comparable,7973.410271426846,201.8281829302514,2.53126549443359,125416.85,265100,,1,1,4096,1,-10.344,18.325499832630157,5,0.9746716751100581
changed-chain,scaling,depth,4096,alien,5,0,5,comparable,3810.1377860127554,148.70129829696634,3.9027800738035703,262457.7,415500,,1,1,4096,1,37.34,34.382500141859055,5,0.43834467453930953
changed-chain,scaling,depth,4096,solid2,5,0,5,comparable,1633.6683360851116,85.16078376781161,5.21285636054434,612119.35,1001600,,1,1,4096,1,6.088,21.558000028133392,5,0.18826651621960014
changed-chain,scaling,depth,4096,vue,0,5,0,invalid: 5 failed trial(s),,,,,,,,,,,,,0,
changed-chain,scaling,depth,16384,reflex,5,0,5,comparable,1304.6160381276645,98.49385843331038,7.5496433858551235,766509.05,1985000,,1,1,16384,1,94.236,172.11870029568672,5,1
changed-chain,scaling,depth,16384,reflex-e87bb66,5,0,5,comparable,1228.1714780386667,76.04470727115086,6.191701128949091,814218.55,2695000,,1,1,16384,1,99.876,171.2407000362873,5,0.928901010981383
changed-chain,scaling,depth,16384,alien,5,0,5,comparable,890.2718569753334,111.54644323955654,12.529481008029567,1123252.4,2324300,,1,1,16384,1,-14.34,76.7775998711586,5,0.6888659746466324
changed-chain,scaling,depth,16384,solid2,0,5,0,invalid: 5 failed trial(s),,,,,,,,,,,,,0,
changed-chain,scaling,depth,16384,vue,0,5,0,invalid: 5 failed trial(s),,,,,,,,,,,,,0,
changed-leaf,common-path,constant,1,reflex,5,0,5,comparable,25534773.786090486,273703.09931292385,1.0718837832901331,39.16228153721606,300,,1,1,0,1,-29.852,12.034799933433533,5,1
changed-leaf,common-path,constant,1,reflex-e87bb66,5,0,5,comparable,27133482.293214165,217036.391359739,0.7998840289438921,36.85483452487375,300,,1,1,0,1,-28.944,14.59979996085167,5,1.0795718479996046
changed-leaf,common-path,constant,1,alien,5,0,5,comparable,31830336,1784037.1085015163,5.604832787506599,31.416570657626735,300,,1,1,0,1,-29.964,13.361399799585342,5,1.2530365514764754
changed-leaf,common-path,constant,1,solid2,5,0,5,comparable,3993001.8631299464,64173.917716730386,1.6071597238481414,250.43815011299344,600,,1,1,0,1,-33.7,15.457700192928314,5,0.15862501487356412
changed-leaf,common-path,constant,1,vue,5,0,5,comparable,24594072.76030523,508735.9795383252,2.0685308386963213,40.66020336469027,300,,1,1,0,1,-25.364,12.57460007071495,5,0.9804389948101566
clean-edge,common-path,depth,1,reflex,5,0,5,comparable,433837888,6622720,1.5265425596023554,2.3050084551398147,200,,0,0,0,0,0.672,7.133800029754639,5,1
clean-edge,common-path,depth,1,reflex-e87bb66,5,0,5,comparable,432608320,6333008.423468649,1.4639127660486626,2.3115597961685066,200,,0,0,0,0,0.768,7.4057000279426575,5,0.9931328090554203
clean-edge,common-path,depth,1,alien,5,0,5,comparable,370041152,6557033.36072588,1.771974096742051,2.7024021371547344,200,,0,0,0,0,1.14,7.100799947977066,5,0.8610836175412099
clean-edge,common-path,depth,1,solid2,5,0,5,comparable,83249405.40047568,1811710.550631553,2.176244433117838,12.01209780645816,300,,0,0,0,0,3.7,6.3286000192165375,5,0.19034796753397232
clean-edge,common-path,depth,1,vue,5,0,5,comparable,284991124.02130234,4073131.9786976576,1.4292136264542756,3.508881209666209,200,,0,0,0,0,-31.872,6.840500056743622,5,0.6569069505089015
clean-edge,common-path,depth,16,reflex,5,0,5,comparable,434475072,11621197.561492205,2.6747673941330756,2.3016280206750275,200,,0,0,0,0,0.672,7.602899998426437,5,1
clean-edge,common-path,depth,16,reflex-e87bb66,5,0,5,comparable,436430400,9224704,2.1136712749615976,2.291316095304085,300,,0,0,0,0,0.864,7.818100035190582,5,0.9999818885270976
clean-edge,common-path,depth,16,alien,5,0,5,comparable,369853760,5900288,1.595302965150334,2.7037713500600886,200,,0,0,0,0,1.228,7.15420001745224,5,0.8538359411331198
clean-edge,common-path,depth,16,solid2,5,0,5,comparable,75457193.08561383,326791.1377746165,0.4330814921830432,13.25254702842443,300,,0,0,0,0,-0.208,5.8322000205516815,5,0.17245451720838498
clean-edge,common-path,depth,16,vue,5,0,5,comparable,204370158.2519367,2474575.7684026957,1.2108302844058914,4.89308228047293,300,,0,0,0,0,4.244,6.89289990067482,5,0.47474899893303385
clean-edge,common-path,depth,256,reflex,5,0,5,comparable,420750999.6996001,22625782.949686825,5.377475743572982,2.37670261202935,200,,0,0,0,0,0.768,7.07520005106926,5,1
clean-edge,common-path,depth,256,reflex-e87bb66,5,0,5,comparable,419882648.0469408,24648871.953059196,5.870419286844065,2.3816178273892494,200,,0,0,0,0,87.488,7.278499960899353,5,1.0092722450344787
clean-edge,common-path,depth,256,alien,5,0,5,comparable,369972288,9978624,2.6971274129591025,2.7029051429927637,200,,0,0,0,0,-3.144,7.6110999584198,5,0.8639561243777756
clean-edge,common-path,depth,256,solid2,5,0,5,comparable,76399179.52262552,206037.83528754115,0.2696859267009842,13.089145802984065,300,,0,0,0,0,3.612,6.324000060558319,5,0.18165923774147283
clean-edge,common-path,depth,256,vue,5,0,5,comparable,204323484.54121238,4421628.462697208,2.1640334064513067,4.894200009584794,300,,0,0,0,0,-65.448,7.33939990401268,5,0.48118835164871604
clean-edge,common-path,depth,4096,reflex,5,0,5,comparable,261602007.35919705,2194534.8851750195,0.8388830450225775,3.8226006371080063,200,,0,0,0,0,2.796,12.19870001077652,5,1
clean-edge,common-path,depth,4096,reflex-e87bb66,5,0,5,comparable,293843658.46253663,4192885.537463367,1.426910337082512,3.4031702614657386,200,,0,0,0,0,66.532,11.107900083065033,5,1.1176784905675194
clean-edge,common-path,depth,4096,alien,5,0,5,comparable,280011072,3043214.778285265,1.0868194448701174,3.5712873525229747,200,,0,0,0,0,7.784,11.623399883508682,5,1.053389177242629
clean-edge,common-path,depth,4096,solid2,5,0,5,comparable,62322065.49821661,1726154.6900382265,2.7697328004759756,16.045681284883212,300,,0,0,0,0,1.124,11.209499955177307,5,0.24185675089161388
clean-edge,common-path,depth,4096,vue,5,0,5,comparable,203206813.43454924,939704.6138074398,0.46243755212967236,4.921094834854489,300,,0,0,0,0,3.776,11.04229998588562,5,0.7702072139677659
deep-unknown,common-path,depth,1,reflex,5,0,5,comparable,21767912.928348288,88107.00718381628,0.40475633779789144,45.93917677324513,300,,1,1,1,0,-19.844,12.050799816846848,5,1
deep-unknown,common-path,depth,1,reflex-e87bb66,5,0,5,comparable,21677475.92217336,386874.9946826063,1.7846865385599684,46.13083200231464,300,,1,1,1,0,-23.488,11.551499962806702,5,1.0132868838808422
deep-unknown,common-path,depth,1,alien,5,0,5,comparable,19819000.651597653,153670.24197660014,0.7753682674419431,50.45663086546131,300,,1,1,1,0,-55.964,18.424899965524673,5,0.9443995631424678
deep-unknown,common-path,depth,1,solid2,5,0,5,comparable,5421196.016292259,204950.72774467152,3.780544498460034,184.46114049274576,600,,1,1,1,0,-0.572,12.134999960660934,5,0.2505297526377673
deep-unknown,common-path,depth,1,vue,5,0,5,comparable,16453570.952860758,134884.43334968947,0.8197882012125599,60.77708011622434,300,,1,1,1,0,65.668,10.69089987874031,5,0.762059984382212
deep-unknown,common-path,depth,16,reflex,5,0,5,comparable,6250005.4999626,160388.8809212288,2.5662198364815607,159.99985920108134,500,,1,1,1,0,-1.236,8.525699973106384,5,1
deep-unknown,common-path,depth,16,reflex-e87bb66,5,0,5,comparable,5867581.652967338,155935.92284171935,2.6575841984722928,170.4279649000338,500,,1,1,1,0,31.88,8.270900040864944,5,0.9388122383256223
deep-unknown,common-path,depth,16,alien,5,0,5,comparable,3763837.844993739,248978.00121610658,6.615003394667253,265.68625992485164,700,,1,1,1,0,-116.764,27.77479988336563,5,0.6022135252546996
deep-unknown,common-path,depth,16,solid2,5,0,5,comparable,4072396.5974303144,82482.57785352878,2.0254063149344383,245.55565158634127,700,,1,1,1,0,-3.184,11.6596000790596,5,0.6551995419713103
deep-unknown,common-path,depth,16,vue,5,0,5,comparable,3166087.10051333,92763.0446024905,2.9298955353265694,315.84728033472805,1100,,1,1,1,0,10.884,7.99809992313385,5,0.5125347028298035
deep-unknown,common-path,depth,256,reflex,5,0,5,comparable,386063.973641679,43004.023317089595,11.139092547652039,2590.244281452014,4300,,1,1,1,0,1.452,6.402099996805191,5,1
deep-unknown,common-path,depth,256,reflex-e87bb66,5,0,5,comparable,408834.5112895021,19915.098314655537,4.871188161645518,2445.9774612615433,3800,,1,1,1,0,1.452,5.76910001039505,5,1.0373147011740884
deep-unknown,common-path,depth,256,alien,5,0,5,comparable,173066.90307413685,1880.5084597618552,1.0865789046657293,5778.112292051756,16000,,1,1,1,0,-12.312,24.314100116491318,5,0.4866223849762221
deep-unknown,common-path,depth,256,solid2,5,0,5,comparable,4471129.28972865,163966.88411705568,3.6672364740990693,223.6571423459529,600,,1,1,1,0,15.408,11.514499843120575,5,10.80270774492444
deep-unknown,common-path,depth,256,vue,5,0,5,comparable,124698.29123673002,18682.673423374872,14.982301070916254,8019.356080041047,15200,,1,1,1,0,2.992,5.267599999904633,5,0.3086255023916418
deep-unknown,common-path,depth,4096,reflex,5,0,5,comparable,20907.705824130608,1609.3214817517255,7.6972648041294365,47829.255319148935,115400,,1,1,1,0,-0.796,21.46040004491806,5,1
deep-unknown,common-path,depth,4096,reflex-e87bb66,5,0,5,comparable,18682.344745849576,1358.1616060714186,7.2697598965630075,53526.47184300341,122800,,1,1,1,0,90.504,20.562999814748764,5,0.8935626368095999
deep-unknown,common-path,depth,4096,alien,5,0,5,comparable,5680.285150314546,538.2664503351398,9.476046291537552,176047.5,312400,,1,1,1,0,74.612,32.29239997267723,5,0.2882988285882501
deep-unknown,common-path,depth,4096,solid2,5,0,5,comparable,4304169.618317985,23231.83365297597,0.5397518154048649,232.33285132261759,600,,1,1,1,0,23.392,14.372599989175797,5,205.75157412066432
deep-unknown,common-path,depth,4096,vue,0,5,0,invalid: 5 failed trial(s),,,,,,,,,,,,,0,
diamond-fan-in,scaling,fan-in,2,reflex,5,0,5,comparable,7674342.977621459,371620.7927900832,4.842379261309236,130.304314377924,500,,2,1,3,1,-4.016,9.629300117492676,5,1
diamond-fan-in,scaling,fan-in,2,reflex-e87bb66,5,0,5,comparable,7037945.620543795,172688.67147204652,2.4536801047164607,142.08691767679983,600,,2,1,3,1,10.792,9.583800077438354,5,0.9482389943590851
diamond-fan-in,scaling,fan-in,2,alien,5,0,5,comparable,8803159.59658665,209749.4691395685,2.3826612120141166,113.59557770459386,400,,2,1,3,1,86.04,13.102200120687485,5,1.185842659953366
diamond-fan-in,scaling,fan-in,2,solid2,5,0,5,comparable,1272046.5890183027,23525.619373959024,1.8494306401241822,786.1347285807717,1300,,2,1,3,1,30.676,9.848000019788742,5,0.16910450563656834
diamond-fan-in,scaling,fan-in,2,vue,5,0,5,comparable,4963100.265678087,131816.63328588475,2.655933312438837,201.4869630814066,500,,2,1,3,1,1.044,8.663699984550476,5,0.6467133773080757
diamond-fan-in,scaling,fan-in,16,reflex,5,0,5,comparable,1903985.607960097,64329.2357286762,3.3786618690672574,525.2140540449702,900,,16,1,17,1,3.164,7.557499974966049,5,1
diamond-fan-in,scaling,fan-in,16,reflex-e87bb66,5,0,5,comparable,1927185.747542059,15938.128902035067,0.8270157104660318,518.8913426095042,900,,16,1,17,1,2.956,7.29310005903244,5,1.0312400386955172
diamond-fan-in,scaling,fan-in,16,alien,5,0,5,comparable,2196618.998594516,77218.31790256035,3.5153259601217917,455.24508375819374,1000,,16,1,17,1,-5.52,9.057899981737137,5,1.1696702109747465
diamond-fan-in,scaling,fan-in,16,solid2,5,0,5,comparable,313406.11956328264,3269.8473226056667,1.043325933508271,3190.7481621400857,4600,,16,1,17,1,0.776,7.926100015640259,5,0.16858380560740024
diamond-fan-in,scaling,fan-in,16,vue,5,0,5,comparable,972739.1002995216,26332.24902750668,2.7070207231721812,1028.0248832313664,1500,,16,1,17,1,39.52,6.9239000380039215,5,0.518092891626451
diamond-fan-in,scaling,fan-in,256,reflex,5,0,5,comparable,125807.56203122667,3531.0488453937724,2.8067063603993305,7948.64779075673,9900,,256,1,257,1,1.24,6.356100022792816,5,1
diamond-fan-in,scaling,fan-in,256,reflex-e87bb66,5,0,5,comparable,130798.17266318192,6163.537151194512,4.712250198682991,7645.366748166259,9200,,256,1,257,1,2.504,6.270499974489212,5,0.9763291751582608
diamond-fan-in,scaling,fan-in,256,alien,5,0,5,comparable,130367.06135715822,9316.660494833763,7.146483473543603,7670.6492390770745,10400,,256,1,257,1,1.328,6.694799959659576,5,1.0362418542440226
diamond-fan-in,scaling,fan-in,256,solid2,5,0,5,comparable,25875.917786458987,238.43719638136463,0.9214637268098763,38645.97222222222,77400,,256,1,257,1,3.04,9.606500029563904,5,0.19714435130849112
diamond-fan-in,scaling,fan-in,256,vue,5,0,5,comparable,64767.90568053854,2442.759943607518,3.7715592590814904,15439.745804540968,21800,,256,1,257,1,1.176,6.578499972820282,5,0.48680684535921254
diamond-fan-in,scaling,fan-in,1024,reflex,5,0,5,comparable,29821.610812082523,1436.5917693560004,4.817284278869172,33532.72921108742,88800,,1024,1,1025,1,69.564,11.975999981164932,5,1
diamond-fan-in,scaling,fan-in,1024,reflex-e87bb66,5,0,5,comparable,31757.543614704955,1534.2278483812115,4.831065862634305,31488.581488933603,54900,,1024,1,1025,1,-4.912,12.355099886655807,5,1.065057127848266
diamond-fan-in,scaling,fan-in,1024,alien,5,0,5,comparable,34507.36510594191,770.3351452442439,2.232378922236511,28979.320702402958,40200,,1024,1,1025,1,2.884,6.806699991226196,5,1.124352054402944
diamond-fan-in,scaling,fan-in,1024,solid2,5,0,5,comparable,6643.873750453445,65.60385632956877,0.9874338193902512,150514.6,256900,,1024,1,1025,1,2.748,13.965600073337555,5,0.21254816981698918
diamond-fan-in,scaling,fan-in,1024,vue,5,0,5,comparable,16102.476670701568,137.756808547143,0.8555007491350155,62102.248023715416,86600,,1024,1,1025,1,1.176,7.620700001716614,5,0.5353406280684931
dynamic-branch,topology,branches,2,reflex,5,0,5,comparable,7373487.479645399,42144.25388643425,0.5715647311095864,135.6210345186741,500,,3,2,1,1,47.248,14.137499779462814,5,1
dynamic-branch,topology,branches,2,reflex-e87bb66,5,0,5,comparable,6891192.93261852,135227.18204424158,1.962318910041862,145.1127562060607,500,,3,2,1,1,27.536,12.969399958848953,5,0.9450070507939806
dynamic-branch,topology,branches,2,alien,5,0,5,comparable,5162213.145048647,180054.58113717195,3.4879338779312485,193.715364302451,500,,3,2,1,1,-0.344,90.87920001149178,5,0.6857012354157056
dynamic-branch,topology,branches,2,solid2,5,0,5,comparable,1732603.3889057992,17500.897286708932,1.010092523122754,577.1661341558009,1100,,3,2,1,1,27.484,14.11070004105568,5,0.2336214905908007
dynamic-branch,topology,branches,2,vue,5,0,5,comparable,5203873.802236412,118976.47964738123,2.2863060129599995,192.16453703589832,600,,3,2,1,1,110.448,13.610700130462646,5,0.6983541637289936
dynamic-branch,topology,branches,16,reflex,5,0,5,comparable,7282327.0500124395,647158.2940625818,8.886696376283682,137.31874346377944,500,,3,2,1,1,-17.74,14.928500175476074,5,1
dynamic-branch,topology,branches,16,reflex-e87bb66,5,0,5,comparable,6600387.912707241,507348.3447170835,7.686644352225466,151.50624678812795,500,,3,2,1,1,-19.94,16.465200185775757,5,0.9672980750234326
dynamic-branch,topology,branches,16,alien,5,0,5,comparable,5290490.165529815,313883.707016401,5.932979689887906,189.01840258876186,500,,3,2,1,1,61.144,87.05129995942116,5,0.7690891823683536
dynamic-branch,topology,branches,16,solid2,5,0,5,comparable,1790883.1186388072,64146.77656184859,3.581851651525114,558.3837323566196,1100,,3,2,1,1,30.912,12.731299877166748,5,0.24387447829686462
dynamic-branch,topology,branches,16,vue,5,0,5,comparable,5562981.931108301,109189.91784773394,1.9627947600753808,179.75970664365832,500,,3,2,1,1,-21.164,13.449699968099594,5,0.7873275537101813
dynamic-branch,topology,branches,256,reflex,5,0,5,comparable,7395591.793502369,531046.943234981,7.180587545428739,135.2156836020319,500,,3,2,1,1,77.252,13.849599987268448,5,1
dynamic-branch,topology,branches,256,reflex-e87bb66,5,0,5,comparable,7349094.466803783,167575.38650150783,2.280218158284044,136.0711859831233,500,,3,2,1,1,-2.096,15.268400192260742,5,1.028371395367222
dynamic-branch,topology,branches,256,alien,5,0,5,comparable,5669163.5910110725,82000.15995283145,1.446424302922736,176.39286359377294,600,,3,2,1,1,0.18,85.82179987430573,5,0.7665598304103122
dynamic-branch,topology,branches,256,solid2,5,0,5,comparable,1734320.398271023,57619.373610620154,3.3223027110827967,576.5947289767905,1100,,3,2,1,1,73.74,13.818800032138824,5,0.2345073182371646
dynamic-branch,topology,branches,256,vue,5,0,5,comparable,5443974.904853235,121246.38208458759,2.227166440030757,183.68931111502968,500,,3,2,1,1,147.256,13.975400149822235,5,0.7525052007098775
dynamic-branch,topology,branches,1024,reflex,5,0,5,comparable,7124941.503041842,275089.53601457085,3.8609374673059036,140.3520294970943,500,,3,2,1,1,-23.232,16.224700063467026,5,1
dynamic-branch,topology,branches,1024,reflex-e87bb66,5,0,5,comparable,7186096.278074439,292998.74701153114,4.07730060485694,139.15761232577816,500,,3,2,1,1,-22.304,15.94659999012947,5,1.0307350087886298
dynamic-branch,topology,branches,1024,alien,5,0,5,comparable,5479352.779674717,390913.3782568816,7.134298410333205,182.5033065418659,700,,3,2,1,1,0.728,92.60230007767677,5,0.7738359673052914
dynamic-branch,topology,branches,1024,solid2,5,0,5,comparable,1741803.0000135994,28060.226265577134,1.6109873656985347,574.1177389131792,1100,,3,2,1,1,72.096,14.924100041389465,5,0.23774220970445206
dynamic-branch,topology,branches,1024,vue,5,0,5,comparable,5559426.979482697,68484.74140009377,1.231866910975531,179.87465321345934,500,,3,2,1,1,11.456,16.626300036907196,5,0.7898888318563843
effect-fanout,scheduler,observers,1,reflex,5,0,5,comparable,16964300.642755628,162787.4897040613,0.9595885685601633,58.94731654776681,300,,1,1,1,1,-15.38,11.43569990992546,5,1
effect-fanout,scheduler,observers,1,reflex-e87bb66,5,0,5,comparable,16291767.149155946,202756.89465170354,1.2445359229321424,61.3806955896622,400,,1,1,1,1,-19.592,10.119800090789795,5,0.9512280793533945
effect-fanout,scheduler,observers,1,alien,5,0,5,comparable,17852693.15353643,646917.8472415656,3.6236428962171345,56.01395774854902,300,,1,1,1,1,-34.524,14.567699939012527,5,1.0582814273963495
effect-fanout,scheduler,observers,1,solid2,5,0,5,comparable,2347047.5907050567,24250.500680830795,1.0332342972877642,426.0672020287405,900,,1,1,1,1,-19.028,11.372000008821487,5,0.13912953374020706
effect-fanout,scheduler,observers,1,vue,5,0,5,comparable,12216198.313785631,390337.3027401455,3.195243665123387,81.85852704040738,400,,1,1,1,1,-12.552,10.65799993276596,5,0.724158292403575
effect-fanout,scheduler,observers,16,reflex,5,0,5,comparable,1905640.3405443348,47895.58347735717,2.5133590246980226,524.7579927460791,900,,1,1,1,16,-1.74,7.2432000041008,5,1
effect-fanout,scheduler,observers,16,reflex-e87bb66,5,0,5,comparable,1912162.1891860545,45330.63708996447,2.3706481252649523,522.9681904889395,900,,1,1,1,16,2.484,8.124099969863892,5,1.010323574575044
effect-fanout,scheduler,observers,16,alien,5,0,5,comparable,2472661.1810369794,143312.9996811943,5.7959012249746245,404.42257421642466,800,,1,1,1,16,4.248,9.824999988079071,5,1.2650468169306974
effect-fanout,scheduler,observers,16,solid2,5,0,5,comparable,417231.8480792363,10718.819873926812,2.5690320437598055,2396.748964882687,3300,,1,1,1,16,2.82,7.4075000286102295,5,0.21343836697208884
effect-fanout,scheduler,observers,16,vue,5,0,5,comparable,1803099.3670002643,4652.965362767456,0.25805374057162395,554.6006051034532,1000,,1,1,1,16,3.232,7.542999982833862,5,0.9285442926535937
effect-fanout,scheduler,observers,256,reflex,5,0,5,comparable,127295.5926541035,8539.883417278848,6.708703136709546,7855.731523378582,9200,,1,1,1,256,1.336,5.512899994850159,5,1
effect-fanout,scheduler,observers,256,reflex-e87bb66,5,0,5,comparable,111070.74645440452,3799.4093586198433,3.420711105222952,9003.270725388602,10900,,1,1,1,256,2.412,5.3033000230789185,5,0.9205808535773711
effect-fanout,scheduler,observers,256,alien,5,0,5,comparable,127287.39537207285,1793.073941776005,1.4086814617697878,7856.237430869784,10500,,1,1,1,256,1.436,6.468100011348724,5,1.0249020357478662
effect-fanout,scheduler,observers,256,solid2,5,0,5,comparable,30708.191845471312,604.6991561490613,1.9691786452032316,32564.600515463917,44900,,1,1,1,256,2.376,9.603000044822693,5,0.25849652773696347
effect-fanout,scheduler,observers,256,vue,5,0,5,comparable,128352.66636053268,3000.2430136375624,2.3374995617232543,7791.034096565455,8900,,1,1,1,256,0.9,5.891699969768524,5,0.9778474113590818
effect-fanout,scheduler,observers,1024,reflex,5,0,5,comparable,31956.319984181304,2051.8598444378877,6.42082644514005,31292.714570858283,38600,,1,1,1,1024,3.312,6.179900020360947,5,1
effect-fanout,scheduler,observers,1024,reflex-e87bb66,5,0,5,comparable,30789.704335515726,1755.1307304251277,5.700381891620166,32478.389175257733,40400,,1,1,1,1024,3.408,5.966699987649918,5,1.018416234474147
effect-fanout,scheduler,observers,1024,alien,5,0,5,comparable,32688.44542308,1623.2148307831558,4.965714367184525,30591.849415204677,39500,,1,1,1,1024,3.856,6.870700001716614,5,1.0186034782095366
effect-fanout,scheduler,observers,1024,solid2,5,0,5,comparable,8038.992228195208,254.74642783718082,3.168885111540562,124393.7015503876,194200,,1,1,1,1024,2.516,13.546999901533127,5,0.25341057622040764
effect-fanout,scheduler,observers,1024,vue,5,0,5,comparable,31567.994848763818,1351.5327061818825,4.281338465293141,31677.65342052314,42100,,1,1,1,1024,3.432,7.141299992799759,5,0.9684595912421821
equal-leaf,common-path,constant,1,reflex,5,0,5,comparable,105316373.87345046,3527591.5137910843,3.349518582960219,9.495199684729112,300,,0,1,0,0,5.836,7.214199960231781,5,1
equal-leaf,common-path,constant,1,reflex-e87bb66,5,0,5,comparable,108084756.76609729,2063913.5827718377,1.909532522923918,9.251998430861693,200,,0,1,0,0,4.376,7.141600042581558,5,1.0162390268701504
equal-leaf,common-path,constant,1,alien,5,0,5,comparable,186594218.72462502,4260245.275374979,2.2831603811167542,5.35922284642589,300,,0,1,0,0,2.692,7.605700105428696,5,1.7504780736011478
equal-leaf,common-path,constant,1,solid2,5,0,5,comparable,71768781.16995013,4086295.803957507,5.693695416508557,13.933634983043351,300,,0,1,0,0,-61.432,22.82899981737137,5,0.681458908338303
equal-leaf,common-path,constant,1,vue,5,0,5,comparable,564992832,10110941.952756047,1.7895699520584445,1.7699339590913608,200,,0,1,0,0,-2.884,8.30650007724762,5,5.364719760280607
failure-retry,failure,depth,1,reflex,5,0,5,comparable,99422.43038993132,9517.138895619792,9.57242632099608,10058.092485549132,16200,,3,3,2,0,9.68,7.0862999856472015,5,1
failure-retry,failure,depth,1,reflex-e87bb66,5,0,5,comparable,119022.11278640295,5836.837516154643,4.903994207050777,8401.800107469102,11700,,3,3,2,0,6.084,6.648800015449524,5,1.2302660869403321
failure-retry,failure,depth,1,alien,5,0,5,comparable,135513.8432885587,5340.015233627695,3.9405680659922266,7379.319896275342,16200,,3,3,2,0,0.34,6.987899929285049,5,1.1644200004715286
failure-retry,failure,depth,1,solid2,5,0,5,comparable,29078.345302169026,414.7658411968441,1.4263736016846382,34389.852297592995,51000,,3,3,2,0,29.444,6.809399992227554,5,0.2534233230942866
failure-retry,failure,depth,1,vue,5,0,5,comparable,99663.84998707115,3744.458062336882,3.757087512495885,10033.728379244074,12100,,3,3,2,0,2.8,6.841899961233139,5,1.0240496963186696
failure-retry,failure,depth,16,reflex,5,0,5,comparable,75039.03966605396,5650.109918348273,7.5295605374121815,13326.396559048428,18200,,3,3,17,0,2.732,6.2253000140190125,5,1
failure-retry,failure,depth,16,reflex-e87bb66,5,0,5,comparable,95848.3029789761,1506.4021060915547,1.5716523498824777,10433.152898067954,14200,,3,3,17,0,9.372,6.300299972295761,5,1.2237932060146035
failure-retry,failure,depth,16,alien,5,0,5,comparable,83846.23097822194,6110.777679900726,7.288076766966338,11926.594533029613,17500,,3,3,17,0,-3.98,7.464900076389313,5,1.202328326231964
failure-retry,failure,depth,16,solid2,5,0,5,comparable,23071.561384693123,737.658464408767,3.197262864481153,43343.403739612186,62600,,3,3,17,0,3.208,7.972399890422821,5,0.32237946853733357
failure-retry,failure,depth,16,vue,5,0,5,comparable,53692.86055737467,1951.8197944520507,3.6351570286824098,18624.450059453033,25100,,3,3,17,0,1.824,6.385500013828278,5,0.6945041726781348
failure-retry,failure,depth,256,reflex,5,0,5,comparable,42949.850624823004,2315.553715373855,5.391296318119378,23282.968053491826,35600,,3,3,257,0,0.516,6.129400014877319,5,1
failure-retry,failure,depth,256,reflex-e87bb66,5,0,5,comparable,52054.93962431402,3264.124268405365,6.2705370363752095,19210.47276621787,30700,,3,3,257,0,0.516,6.392899990081787,5,1.1431659732493886
failure-retry,failure,depth,256,alien,5,0,5,comparable,46300.250739806164,781.9554414614322,1.688879496259734,21598.155172413793,41000,,3,3,257,0,-15.672,14.965699940919876,5,1.0843431110135788
failure-retry,failure,depth,256,solid2,5,0,5,comparable,11625.751353457405,422.1472109722454,3.6311391680220497,86015.94594594595,182200,,3,3,257,0,60.58,16.630199879407883,5,0.26509138091324774
failure-retry,failure,depth,256,vue,5,0,5,comparable,26892.1197226311,1195.0673490245135,4.4439313871520625,37185.61460807601,48300,,3,3,257,0,0.5,5.943600028753281,5,0.6261283643926975
failure-retry,failure,depth,1024,reflex,5,0,5,comparable,20726.371637395318,256.90870624575837,1.23952571506647,48247.71153846154,120400,,3,3,1025,0,-12.864,16.873799979686737,5,1
failure-retry,failure,depth,1024,reflex-e87bb66,5,0,5,comparable,21490.907815484294,1668.3936777751187,7.763253614503124,46531.305637982194,115800,,3,3,1025,0,6.764,17.531499922275543,5,1.1242959040035971
failure-retry,failure,depth,1024,alien,5,0,5,comparable,22006.708856823236,1015.3785561613659,4.6139500584456785,45440.688405797104,121200,,3,3,1025,0,-34.844,24.57219985127449,5,1.1107630325149274
failure-retry,failure,depth,1024,solid2,5,0,5,comparable,3900.9524760613176,211.03165496952352,5.409746882704818,256347.65,389300,,3,3,1025,0,-33.64,38.125399738550186,5,0.19216366905400897
failure-retry,failure,depth,1024,vue,5,0,5,comparable,10893.511984830942,182.80745434434175,1.678131484124665,91797.76011560694,122900,,3,3,1025,0,5.928,6.458499997854233,5,0.5255870238848969
layered-dag,scaling,width,2,reflex,5,0,5,comparable,1421951.1834195284,23329.83566837199,1.6406917438802695,703.2590229962648,1100,,2,1,17,1,3.764,6.991499960422516,5,1
layered-dag,scaling,width,2,reflex-e87bb66,5,0,5,comparable,1518058.381507283,36718.26772731077,2.418765192077338,658.7361936680578,1100,,2,1,17,1,3.448,7.334999978542328,5,1.082772508529631
layered-dag,scaling,width,2,alien,5,0,5,comparable,1473699.1984052898,68382.35090766661,4.640183762172368,678.5645273350992,1400,,2,1,17,1,-20.524,15.470300287008286,5,1.0363922584608827
layered-dag,scaling,width,2,solid2,5,0,5,comparable,266759.8737225688,5112.616863630246,1.9165614349283229,3748.6897337491005,7300,,2,1,17,1,1.956,8.282800018787384,5,0.18977435146520585
layered-dag,scaling,width,2,vue,5,0,5,comparable,813777.9772174802,37635.425824458944,4.624778118614651,1228.8364000943618,1600,,2,1,17,1,4.08,6.992799937725067,5,0.6047300281077893
layered-dag,scaling,width,8,reflex,5,0,5,comparable,393377.07566143275,2432.6639698974323,0.6184051182461759,2542.0901772645957,4800,,8,1,65,1,1.452,6.432000041007996,5,1
layered-dag,scaling,width,8,reflex-e87bb66,5,0,5,comparable,347525.0315330352,50421.154711215175,14.508639705402693,2877.4905669059453,4000,,8,1,65,1,1.452,5.628100007772446,5,0.8889372021699109
layered-dag,scaling,width,8,alien,5,0,5,comparable,372143.7570797559,9375.352294463723,2.519282432152811,2687.1336169847,3500,,8,1,65,1,23.564,12.64849990606308,5,0.9519096473832868
layered-dag,scaling,width,8,solid2,5,0,5,comparable,71870.46068166736,2477.4536260454333,3.4471097061958575,13913.922222222222,15700,,8,1,65,1,1.988,8.482899963855743,5,0.1834634526610019
layered-dag,scaling,width,8,vue,5,0,5,comparable,220452.22301989948,1130.4479462445597,0.512785913772581,4536.130261248186,7700,,8,1,65,1,5.928,6.629700005054474,5,0.5570274763003144
layered-dag,scaling,width,32,reflex,5,0,5,comparable,84689.46331248454,1789.1673769639747,2.112620988472156,11807.844339622641,16800,,32,1,257,1,1.272,5.556400030851364,5,1
layered-dag,scaling,width,32,reflex-e87bb66,5,0,5,comparable,84751.58989185377,2097.663876991457,2.475073187025937,11799.188679245282,15200,,32,1,257,1,2.324,5.840700000524521,5,0.9951179316319368
layered-dag,scaling,width,32,alien,5,0,5,comparable,79322.34048843003,156.74712246835406,0.19760778804959397,12606.788879935535,21000,,32,1,257,1,-6.904,11.239399999380112,5,0.9366258491419284
layered-dag,scaling,width,32,solid2,5,0,5,comparable,19964.726856384725,746.4388118311654,3.738787999458425,50088.33865814697,69300,,32,1,257,1,21.78,8.867999970912933,5,0.2445542203024298
layered-dag,scaling,width,32,vue,5,0,5,comparable,49342.17087998059,548.2546379180349,1.1111279218978913,20266.639715394565,24000,,32,1,257,1,1.176,6.369300007820129,5,0.582624673129872
layered-dag,scaling,width,128,reflex,5,0,5,comparable,18694.160268130403,591.494332980823,3.164059388049625,53492.640784982934,75100,,128,1,1025,1,1.08,6.474900007247925,5,1
layered-dag,scaling,width,128,reflex-e87bb66,5,0,5,comparable,19710.812401226663,259.9651830110961,1.3188963383108332,50733.576051779935,68100,,128,1,1025,1,1.08,6.469199955463409,5,1.0445396744563786
layered-dag,scaling,width,128,alien,5,0,5,comparable,19549.42992691898,1023.6490123805452,5.236209015849671,51152.38673139158,123100,,128,1,1025,1,49.516,14.215500116348267,5,1.0799199409055131
layered-dag,scaling,width,128,solid2,5,0,5,comparable,5115.938681382153,276.0635308015371,5.3961462010126,195467.55,380400,,128,1,1025,1,1.444,13.270300030708313,5,0.2736650701611748
layered-dag,scaling,width,128,vue,5,0,5,comparable,11892.949298044625,138.91361342763958,1.168033344348647,84083.43253968254,116900,,128,1,1025,1,1.088,7.065599977970123,5,0.6492986020249323
lifecycle-churn,lifecycle,observers,1,reflex,5,0,5,comparable,1415322.6903097718,78618.99532382772,5.55484596283978,706.5526518063028,1800,,2,2,0,2,161.184,105.51130002737045,5,1
lifecycle-churn,lifecycle,observers,1,reflex-e87bb66,5,0,5,comparable,1473633.9593153528,12492.801614220487,0.8477547314412199,678.5945679920391,1300,,2,2,0,2,162.604,106.78710001707077,5,1.0202286763865758
lifecycle-churn,lifecycle,observers,1,alien,5,0,5,comparable,2057065.4444850078,26607.684532297077,1.2934777842694443,486.12940472117685,1100,,2,2,0,2,7.06,17.53240007162094,5,1.4722247748047133
lifecycle-churn,lifecycle,observers,1,solid2,5,0,5,comparable,687491.9022155538,7706.8116828218335,1.1210039940812957,1454.5625872498836,2200,,2,2,0,2,-34.8,17.406499922275543,5,0.49240413454785975
lifecycle-churn,lifecycle,observers,1,vue,5,0,5,comparable,1883354.298867861,43412.068951320136,2.305039948002157,530.9675405212546,1600,,2,2,0,2,-67.92,16.991099894046783,5,1.322648327940337
lifecycle-churn,lifecycle,observers,16,reflex,5,0,5,comparable,191472.34750343856,12902.38321271597,6.738509962899088,5222.68626795857,4400,,32,2,0,32,2562.768,210.44469994306564,5,1
lifecycle-churn,lifecycle,observers,16,reflex-e87bb66,5,0,5,comparable,207370.93895941175,1868.2388753011473,0.9009164373156517,4822.276472383277,3700,,32,2,0,32,2562.636,212.8067999780178,5,1.0757743637876678
lifecycle-churn,lifecycle,observers,16,alien,5,0,5,comparable,402963.8725077562,7669.196132669225,1.9031969503721724,2481.6120457070306,3700,,32,2,0,32,-51.568,27.870399862527847,5,2.02350467662594
lifecycle-churn,lifecycle,observers,16,solid2,5,0,5,comparable,115897.37361081368,4903.899749113814,4.231243207961929,8628.323221180364,19900,,32,2,0,32,-18.648,27.13769993185997,5,0.5848997561779915
lifecycle-churn,lifecycle,observers,16,vue,5,0,5,comparable,305056.6384120935,3722.8586293029366,1.2203827619295464,3278.0797861186834,5200,,32,2,0,32,-83.524,26.3121996819973,5,1.5682089447911756
lifecycle-churn,lifecycle,observers,128,reflex,5,0,5,comparable,29413.47093067922,968.7764854246707,3.2936489804547513,33998.0277185501,36400,,256,2,0,256,20482.828,290.0110000669956,5,1
lifecycle-churn,lifecycle,observers,128,reflex-e87bb66,5,0,5,comparable,31792.19292167934,156.87687158146218,0.49344463896507956,31454.263078470824,30600,,256,2,0,256,20521.92,295.52169993519783,5,1.0808718561847468
lifecycle-churn,lifecycle,observers,128,alien,5,0,5,comparable,64255.07667053209,2648.5262662790046,4.121894180998838,15562.97263681592,38800,,256,2,0,256,-47.152,28.652299880981445,5,2.165836251917656
lifecycle-churn,lifecycle,observers,128,solid2,5,0,5,comparable,16930.91055569892,137.2683751395416,0.8107560115444427,59063.5687732342,203900,,256,2,0,256,-20.328,34.14279982447624,5,0.5703538987975189
lifecycle-churn,lifecycle,observers,128,vue,5,0,5,comparable,48506.4236352489,1321.6940812866887,2.724781548986912,20615.826215505913,71000,,256,2,0,256,-41.176,28.21580022573471,5,1.6940577272899549
lifecycle-churn,lifecycle,observers,512,reflex,5,0,5,comparable,7763.655688081159,172.17786857565625,2.2177422015247976,128805.3,307500,,1024,2,0,1024,87791.688,444.1092999279499,5,1
lifecycle-churn,lifecycle,observers,512,reflex-e87bb66,5,0,5,comparable,7818.210958786301,269.8866062417683,3.4520251201262737,127906.5,315300,,1024,2,0,1024,87791.696,445.84020015597343,5,1.0059267766909101
lifecycle-churn,lifecycle,observers,512,alien,5,0,5,comparable,15698.766519858505,671.9571162894226,4.280317918222527,63699.27208835341,255100,,1024,2,0,1024,-26.1,42.62290024757385,5,2.0346675892203714
lifecycle-churn,lifecycle,observers,512,solid2,5,0,5,comparable,4435.465091780861,162.465425672538,3.6628723777714893,225455.5,553500,,1024,2,0,1024,-29.548,52.75149995088577,5,0.56803655746966
lifecycle-churn,lifecycle,observers,512,vue,5,0,5,comparable,11756.90688490028,50.63465633056876,0.43068008300380645,85056.38513513513,242600,,1024,2,0,1024,-10.804,40.21820002794266,5,1.5573971894664116
mostly-dirty,selectivity,nodes,16,reflex,5,0,5,comparable,2527857.7268094923,29436.598605102394,1.1644879493378557,395.5918837497785,900,,16,12,1,1,2.308,7.600600004196167,5,1
mostly-dirty,selectivity,nodes,16,reflex-e87bb66,5,0,5,comparable,2460215.1432254845,10962.490866565611,0.44559074017377,406.46851668791135,800,,16,12,1,1,3.9,7.078999996185303,5,0.9775778153507949
mostly-dirty,selectivity,nodes,16,alien,5,0,5,comparable,2535133.6368148914,38106.56427546125,1.5031382851808095,394.4565231110999,800,,16,12,1,1,1.14,8.07310003042221,5,1.0028782909450296
mostly-dirty,selectivity,nodes,16,solid2,5,0,5,comparable,807234.5283580956,4440.266785231535,0.5500590756769262,1238.7973567409051,2100,,16,12,1,1,-0.58,8.43699997663498,5,0.3170997149638724
mostly-dirty,selectivity,nodes,16,vue,5,0,0,not comparable: Scenario requires publicBatch for equal public observable work,211630.9058509486,5251.040198947361,2.481225593130364,4725.207766696887,5600,,192,12,12,12,1.24,6.140499979257584,0,
mostly-dirty,selectivity,nodes,256,reflex,5,0,5,comparable,161674.2781114028,5585.076745702216,3.454524004030981,6185.275800711744,8300,,256,192,1,1,1.432,6.638799965381622,5,1
mostly-dirty,selectivity,nodes,256,reflex-e87bb66,5,0,5,comparable,166676.86402758965,3544.9528792077617,2.1268415984962217,5999.632917466411,8100,,256,192,1,1,2.216,6.972900003194809,5,1.052714781782303
mostly-dirty,selectivity,nodes,256,alien,5,0,5,comparable,172820.3110253728,10988.909398420103,6.358575177431983,5786.356904850056,7000,,256,192,1,1,1.16,6.322800010442734,5,1.1227252607986242
mostly-dirty,selectivity,nodes,256,solid2,5,0,5,comparable,75351.73580954067,1117.4566445324454,1.4829872630365584,13271.094411515665,20600,,256,192,1,1,1.948,10.819400042295456,5,0.4449164585709641
mostly-dirty,selectivity,nodes,256,vue,5,0,0,not comparable: Scenario requires publicBatch for equal public observable work,859.3060373338398,83.51310422561562,9.71866839021996,1163729.75,1746900,,49152,192,192,192,1.332,7.123100012540817,0,
mostly-dirty,selectivity,nodes,1024,reflex,5,0,5,comparable,40091.161181685384,2844.389637810258,7.094804824734396,24943.153815580285,47800,,1024,768,1,1,1.068,7.413799941539764,5,1
mostly-dirty,selectivity,nodes,1024,reflex-e87bb66,5,0,5,comparable,42425.49421314664,1101.155073752947,2.5955032326098997,23570.733082706767,41100,,1024,768,1,1,-0.348,7.4004999697208405,5,0.9881204131165495
mostly-dirty,selectivity,nodes,1024,alien,5,0,5,comparable,43029.95113175405,861.3292753618152,2.0016970800745235,23239.626671619615,39700,,1024,768,1,1,5.012,7.578099995851517,5,1.002198651477776
mostly-dirty,selectivity,nodes,1024,solid2,5,0,5,comparable,17427.031288463248,1299.162147316105,7.454867818916205,57382.119963369965,85400,,1024,768,1,1,2.46,12.718000024557114,5,0.39915404171284596
mostly-dirty,selectivity,nodes,1024,vue,0,5,0,invalid: 5 failed trial(s),,,,,,,,,,,,,0,
reorder-dependencies,topology,dependencies,8,reflex,5,0,5,comparable,7090937.090629093,166348.9869648032,2.345937988712928,141.0250841629286,500,,9,1,1,1,-2.72,8.653800010681152,5,1
reorder-dependencies,topology,dependencies,8,reflex-e87bb66,5,0,5,comparable,6665357.368422526,201047.99502667692,3.0163123132624836,150.02946499726355,500,,9,1,1,1,-1.7,8.28900009393692,5,0.9370102165446603
reorder-dependencies,topology,dependencies,8,alien,5,0,5,comparable,1317839.0659772407,29476.00971510238,2.23669266423245,758.8179966864559,800,,9,1,1,1,-5.504,175.78149989247322,5,0.19514090040526133
reorder-dependencies,topology,dependencies,8,solid2,5,0,5,comparable,741456.6884972831,3296.714687402011,0.4446267379532973,1348.6964451378933,4000,,9,1,1,1,15.528,96.8238000869751,5,0.10502891136474772
reorder-dependencies,topology,dependencies,8,vue,5,0,5,comparable,4183592.5718815974,38867.86875135219,0.9290548274845779,239.0290122229191,600,,9,1,1,1,1.776,7.826399952173233,5,0.5954728390148983
reorder-dependencies,topology,dependencies,64,reflex,5,0,5,comparable,1394368.833562379,85469.26015995373,6.129602017967805,717.1703611914269,1200,,65,1,1,1,7.488,6.8080998957157135,5,1
reorder-dependencies,topology,dependencies,64,reflex-e87bb66,5,0,5,comparable,1374411.4499090477,21499.943346575135,1.5643018215540843,727.5841597988546,1200,,65,1,1,1,-0.288,6.044700026512146,5,1.001106278092363
reorder-dependencies,topology,dependencies,64,alien,5,0,5,comparable,179672.2213249627,10015.0146513168,5.5740473276629805,5565.6906372374515,4600,,65,1,1,1,39.068,169.34570002555847,5,0.12561720808097945
reorder-dependencies,topology,dependencies,64,solid2,5,0,5,comparable,141818.27516529942,5843.642978240154,4.120514772464245,7051.2774100124125,5700,,65,1,1,1,0.652,173.81640005111694,5,0.09583364272545161
reorder-dependencies,topology,dependencies,64,vue,5,0,5,comparable,789795.2514528472,15728.366492912406,1.9914486018977324,1266.1509399562435,1800,,65,1,1,1,0.5,5.941200017929077,5,0.5612074630393832
reorder-dependencies,topology,dependencies,512,reflex,5,0,5,comparable,153935.55266673455,14953.20121915362,9.71393609865215,6496.225093399751,10300,,513,1,1,1,1.272,6.013000011444092,5,1
reorder-dependencies,topology,dependencies,512,reflex-e87bb66,5,0,5,comparable,174903.88445976106,4631.39463802462,2.6479655682490764,5717.425905598244,8100,,513,1,1,1,2.9,6.647399991750717,5,1.0413318589307043
reorder-dependencies,topology,dependencies,512,alien,5,0,5,comparable,27381.48949079764,1570.7119923999671,5.736400837243902,36521.02272727273,30200,,513,1,1,1,0.064,194.32370001077652,5,0.1894498378240771
reorder-dependencies,topology,dependencies,512,solid2,5,0,5,comparable,25138.475500180903,40.93715838260323,0.16284662282845527,39779.65966921119,43700,,513,1,1,1,-0.508,192.34140008687973,5,0.16330519535409005
reorder-dependencies,topology,dependencies,512,vue,5,0,5,comparable,87610.07755875702,8576.68453838602,9.789609571608857,11414.212016070123,17700,,513,1,1,1,1.128,5.725100010633469,5,0.4953098313411156
reorder-dependencies,topology,dependencies,2048,reflex,5,0,5,comparable,28074.709922516027,3684.9138186015007,13.125385191054761,35619.24603174603,52600,,2049,1,1,1,3.216,8.475499987602234,5,1
reorder-dependencies,topology,dependencies,2048,reflex-e87bb66,5,0,5,comparable,35861.75485278342,891.2128140002897,2.485134421499504,27884.85962566845,45400,,2049,1,1,1,0.668,7.2883999943733215,5,1.1351013689848612
reorder-dependencies,topology,dependencies,2048,alien,5,0,5,comparable,6481.486282582431,269.9514360797575,4.164961928642704,154285.6,161500,,2049,1,1,1,-383.18,416.37479999661446,5,0.21177112082176328
reorder-dependencies,topology,dependencies,2048,solid2,5,0,5,comparable,5911.7831888986175,38.04563865246382,0.6435560546927269,169153.7,176100,,2049,1,1,1,-408.744,394.58589991927147,5,0.2104967286138954
reorder-dependencies,topology,dependencies,2048,vue,5,0,5,comparable,21673.852221351368,910.3607420188637,4.200271980825117,46138.54472140763,115900,,2049,1,1,1,1.176,7.8295000195503235,5,0.6566288993390663
selective-update,selectivity,nodes,16,reflex,5,0,5,comparable,4204087.591824817,48851.67172831576,1.1620041367195044,237.86374050449848,600,,1,1,2,1,41.38,8.91579994559288,5,1
selective-update,selectivity,nodes,16,reflex-e87bb66,5,0,5,comparable,4106837.088918514,61513.17909108708,1.4978236964175715,243.49638866813146,600,,1,1,2,1,40.368,8.774400025606155,5,0.9656467761280567
selective-update,selectivity,nodes,16,alien,5,0,5,comparable,4149187.524374269,102709.04376338609,2.4754013444806993,241.01103990251877,600,,1,1,2,1,81.476,10.5556001663208,5,0.990825120945909
selective-update,selectivity,nodes,16,solid2,5,0,5,comparable,833478.3121664237,23904.3093079807,2.868018154647273,1199.7912667946257,1900,,1,1,2,1,-1.5,8.28300005197525,5,0.19597700802105775
selective-update,selectivity,nodes,16,vue,5,0,5,comparable,2153572.3356217667,52680.24935548566,2.4461797026323766,464.3447463821947,900,,1,1,2,1,1.9,7.64819997549057,5,0.5168037390189775
selective-update,selectivity,nodes,256,reflex,5,0,5,comparable,448257.064708115,25793.21715713432,5.754112804430581,2230.8627765881515,4300,,1,1,2,1,3.548,7.539899975061417,5,1
selective-update,selectivity,nodes,256,reflex-e87bb66,5,0,5,comparable,434924.66843352816,1587.3788846081588,0.3649778915335924,2299.248749448286,4200,,1,1,2,1,23.844,7.497900038957596,5,0.9702572534283017
selective-update,selectivity,nodes,256,alien,5,0,5,comparable,421153.67693526065,12081.776507159811,2.8687334739848445,2374.430177784531,3600,,1,1,2,1,3.772,7.587899953126907,5,0.9664888465829848
selective-update,selectivity,nodes,256,solid2,5,0,5,comparable,105747.12092188075,3796.8336867063044,3.5904842170702347,9456.5222323049,11200,,1,1,2,1,4.892,7.253300070762634,5,0.2330089362998529
selective-update,selectivity,nodes,256,vue,5,0,5,comparable,162771.07359754853,4177.829551487142,2.566690419341231,6143.597740667977,7700,,1,1,2,1,4.42,7.393899977207184,5,0.3670050750359814
selective-update,selectivity,nodes,1024,reflex,5,0,5,comparable,115555.47393354522,4518.0127035215555,3.90982144741998,8653.85226644555,11100,,1,1,2,1,1.228,7.8920000195503235,5,1
selective-update,selectivity,nodes,1024,reflex-e87bb66,5,0,5,comparable,110063.16960823971,4601.272623672005,4.180574337491674,9085.691458454387,14200,,1,1,2,1,2.312,8.230599969625473,5,0.9443857796100164
selective-update,selectivity,nodes,1024,alien,5,0,5,comparable,108934.59332216567,139.01101716396806,0.12760961685775396,9179.820381231671,14900,,1,1,2,1,1.124,8.30840003490448,5,0.9493568950976207
selective-update,selectivity,nodes,1024,solid2,5,0,5,comparable,27589.656427537728,933.5797449727688,3.383803446138409,36245.46766743649,54600,,1,1,2,1,1.124,8.775100022554398,5,0.23200966309058788
selective-update,selectivity,nodes,1024,vue,5,0,5,comparable,41260.67350053235,3560.244632957736,8.628663400057688,24236.153100775195,33000,,1,1,2,1,6.192,8.900599986314774,5,0.35899963254884365
semantic-noop-fanout,selectivity,fan-out,1,reflex,5,0,5,comparable,20008447.972966485,571514.4593941644,2.856365771929639,49.97888898484805,300,,1,1,1,0,-19.18,11.390500217676163,5,1
semantic-noop-fanout,selectivity,fan-out,1,reflex-e87bb66,5,0,5,comparable,19101970.155271627,203915.67528739572,1.0675112233442605,52.35062100251617,300,,1,1,1,0,-18.608,11.211599886417389,5,0.9440175909762042
semantic-noop-fanout,selectivity,fan-out,1,alien,5,0,5,comparable,20332173.076876923,71502.81284638494,0.35167324503893105,49.1831343466806,300,,1,1,1,0,-58.244,18.542499870061874,5,1.0148471710579416
semantic-noop-fanout,selectivity,fan-out,1,solid2,5,0,5,comparable,5418028.495097417,124467.58806082327,2.297285593338049,184.56898130101467,600,,1,1,1,0,-23.968,10.79219999909401,5,0.2770077964391209
semantic-noop-fanout,selectivity,fan-out,1,vue,5,0,5,comparable,12559463.97721959,1231564.9899572358,9.805872226641627,79.62123238808633,400,,1,1,1,0,-10.104,10.266999989748001,5,0.6701192488811998
semantic-noop-fanout,selectivity,fan-out,16,reflex,5,0,5,comparable,3321516.5246663047,129916.00559248962,3.9113460561675693,301.06729639120636,700,,16,1,16,0,-2.116,7.513999968767166,5,1
semantic-noop-fanout,selectivity,fan-out,16,reflex-e87bb66,5,0,5,comparable,3215041.970354762,57036.028602094855,1.7740368283839618,311.0379302108008,700,,16,1,16,0,2.692,7.5533000230789185,5,0.953647374906959
semantic-noop-fanout,selectivity,fan-out,16,alien,5,0,5,comparable,3090075.6079776557,28967.630292813294,0.9374408256557701,323.61667702184945,700,,16,1,16,0,-8.092,9.653700053691864,5,0.930320708938246
semantic-noop-fanout,selectivity,fan-out,16,solid2,5,0,5,comparable,681674.7519426659,7387.724937485182,1.08376097492702,1466.9752651835163,2600,,16,1,16,0,0.716,6.847500056028366,5,0.1979655916689996
semantic-noop-fanout,selectivity,fan-out,16,vue,5,0,5,comparable,1594611.4586499848,57686.37270909455,3.617581724762749,627.1120118794397,1000,,16,1,16,0,7.816,6.3286000192165375,5,0.4824340375511844
semantic-noop-fanout,selectivity,fan-out,256,reflex,5,0,5,comparable,217748.2401881396,10614.293009055837,4.87457120199219,4592.459618208517,7300,,256,1,256,0,1.272,5.628999978303909,5,1
semantic-noop-fanout,selectivity,fan-out,256,reflex-e87bb66,5,0,5,comparable,195984.71127423632,22880.234707275144,11.674499790577759,5102.438825448613,7300,,256,1,256,0,1.176,5.559700012207031,5,0.9000518723131857
semantic-noop-fanout,selectivity,fan-out,256,alien,5,0,5,comparable,183774.8933463558,17476.20699563509,9.509572650219491,5441.439697180647,7400,,256,1,256,0,1.328,6.20959997177124,5,0.8129903180076604
semantic-noop-fanout,selectivity,fan-out,256,solid2,5,0,5,comparable,49138.79312823692,701.1006691922012,1.4267763299813798,20350.520156046816,32400,,256,1,256,0,1.088,6.51309996843338,5,0.22836652416549982
semantic-noop-fanout,selectivity,fan-out,256,vue,5,0,5,comparable,95558.4014553985,1336.080884472307,1.3981825398114442,10464.804609218438,14600,,256,1,256,0,7.84,5.8597999811172485,5,0.4438728666116426
semantic-noop-fanout,selectivity,fan-out,1024,reflex,5,0,5,comparable,47892.704994684806,3163.9647053198423,6.606360416833803,20880.006675567423,34100,,1024,1,1024,0,-10.444,15.829600214958191,5,1
semantic-noop-fanout,selectivity,fan-out,1024,reflex-e87bb66,5,0,5,comparable,49029.98025491286,215.84352562787535,0.44022764134449677,20395.68433029909,35500,,1024,1,1024,0,28.32,14.738599926233292,5,1.0282531292815074
semantic-noop-fanout,selectivity,fan-out,1024,alien,5,0,5,comparable,47303.65949025679,2513.969555781063,5.314535033592631,21140.013495276653,26700,,1024,1,1024,0,0.82,7.335599988698959,5,0.98770072593533
semantic-noop-fanout,selectivity,fan-out,1024,solid2,5,0,5,comparable,12658.8207694406,278.09088210210757,2.1968150680625884,78996.29975124379,121600,,1024,1,1024,0,1.088,7.164999961853027,5,0.2390868679923081
semantic-noop-fanout,selectivity,fan-out,1024,vue,5,0,5,comparable,23274.137053581926,734.8069601442694,3.1571824057432947,42966.147260273974,61500,,1024,1,1024,0,1.176,6.308099985122681,5,0.48977786299690473
task-board,product,tasks,32,reflex,5,0,5,comparable,2908662.701699917,39257.683904928155,1.3496815523499746,343.8006061739532,900,,1.3333324165548197,2,1.6666662020206526,0.6666662020206526,-1.872,10.335000038146973,5,1
task-board,product,tasks,32,reflex-e87bb66,5,0,5,comparable,2862724.2052921327,82412.13614110928,2.878801108006119,349.317617866005,800,,1.333333816201182,2,1.6666671179464962,0.6666671179464962,-2.372,8.676899999380112,5,0.9755009484532117
task-board,product,tasks,32,alien,5,0,5,comparable,2899724.964840619,36293.51069083903,1.25161907183959,344.860292657088,800,,1.3333338033889126,2,1.6666662224686042,0.6666662224686041,-12.176,10.520399987697601,5,0.9973219074733812
task-board,product,tasks,32,solid2,5,0,5,comparable,704297.4624812006,15212.388645229395,2.159938017047087,1419.854611540209,2600,,1.3333314402544298,2,1.6666647926598903,0.6666647926598902,0.284,9.747799962759018,5,0.24014911438521935
task-board,product,tasks,32,vue,5,0,0,not comparable: Scenario requires publicBatch for equal public observable work,977602.8668330454,37240.92721815989,3.809412644093635,1022.91025724946,2300,,1.999995908882634,2,2.3333319696275447,1,2.432,8.435799986124039,0,
task-board,product,tasks,256,reflex,5,0,5,comparable,539241.5975408178,12488.057488151477,2.3158557398209982,1854.4563412029897,3300,,1.3333333333333333,2,1.6666642500869968,0.6666642500869969,8.588,8.401399910449982,5,1
task-board,product,tasks,256,reflex-e87bb66,5,0,5,comparable,521776.2589243522,4042.7536212017876,0.7748059732606407,1916.5302807404682,3300,,1.3333333333333333,2,1.6666666666666667,0.6666666666666666,16.428,7.941099971532822,5,0.9704178935392711
task-board,product,tasks,256,alien,5,0,5,comparable,511789.9849925283,8007.709744679974,1.5646476053643137,1953.9264724271602,3300,,1.333330699203439,2,1.6666641915171676,0.6666641915171676,2.808,8.280900001525879,5,0.998782809769852
task-board,product,tasks,256,solid2,5,0,5,comparable,152209.4462070897,2020.451195407135,1.3274151149976559,6569.894477110458,15200,,1.3333246563931695,2,1.6666753436068305,0.6666753436068305,7.816,8.834100008010864,5,0.2817499124649328
task-board,product,tasks,256,vue,5,0,0,not comparable: Scenario requires publicBatch for equal public observable work,141095.1672505639,6076.119293002586,4.30639788123452,7087.414965986394,17100,,2,2,2.3333333333333335,1,18.072,8.739500015974045,0,
task-board,product,tasks,1024,reflex,5,0,5,comparable,135759.86794557786,4370.110117179516,3.218999976437341,7365.947058823529,12900,,1.3333333333333333,2,1.6666666666666667,0.6666666666666666,1.14,10.93290001153946,5,1
task-board,product,tasks,1024,reflex-e87bb66,5,0,5,comparable,131399.33988919368,2071.4974009259895,1.5764899600506668,7610.388308215848,12900,,1.3333333333333333,2,1.6666572525982828,0.6666572525982829,5.348,10.677799999713898,5,0.9731153364508046
task-board,product,tasks,1024,alien,5,0,5,comparable,133792.46586370413,8217.513114075977,6.141984947379061,7474.262422360249,14100,,1.3333333333333333,2,1.666656881164866,0.6666568811648661,5.052,10.225600004196167,5,0.9719446228574455
task-board,product,tasks,1024,solid2,5,0,5,comparable,41687.56431388087,1258.0889589752987,3.0178998933655334,23987.968989280245,47000,,1.3333333333333333,2,1.6666666666666667,0.6666666666666666,4.88,9.877399981021881,5,0.3070683917473475
task-board,product,tasks,1024,vue,5,0,0,not comparable: Scenario requires publicBatch for equal public observable work,33382.466495329834,2328.155983183766,6.974188032239835,29955.845238095237,69700,,2,2,2.3333333333333335,1,5.084,10.807799994945526,0,
wide-fanout,scaling,fan-out,1,reflex,5,0,5,comparable,16681678.56458576,481150.3324035965,2.884304061733037,59.94600580081564,400,,1,1,1,1,-19.512,11.570300281047821,5,1
wide-fanout,scaling,fan-out,1,reflex-e87bb66,5,0,5,comparable,15328264.818246655,331019.33575771376,2.159535600948587,65.23895638921944,400,,1,1,1,1,-11.948,10.147199988365173,5,0.9387115387325664
wide-fanout,scaling,fan-out,1,alien,5,0,5,comparable,18108216.756713297,564953.3104854077,3.119872696884752,55.22354925585193,400,,1,1,1,1,-37.524,14.030000030994415,5,1.0755653661876676
wide-fanout,scaling,fan-out,1,solid2,5,0,5,comparable,2349199.3402096163,75644.28316811891,3.2200027419286292,425.67694570813694,900,,1,1,1,1,-11.756,10.838700145483017,5,0.13435565278147882
wide-fanout,scaling,fan-out,1,vue,5,0,5,comparable,11685858.513131894,414668.2805465814,3.5484622724175643,85.57351596172909,400,,1,1,1,1,-8,9.487199872732162,5,0.6997587953364953
wide-fanout,scaling,fan-out,16,reflex,5,0,5,comparable,1249770.0158229114,46395.542399700964,3.7123264130442277,800.1472169593937,1200,,16,1,16,16,3.34,6.2683999836444855,5,1
wide-fanout,scaling,fan-out,16,reflex-e87bb66,5,0,5,comparable,1175729.5015844079,57727.20355244842,4.909905167358266,850.5357726010994,1300,,16,1,16,16,0.02,6.2405000030994415,5,0.9284902379843953
wide-fanout,scaling,fan-out,16,alien,5,0,5,comparable,1299102.9112390063,38395.77392350766,2.9555606096585585,769.7619575390374,1200,,16,1,16,16,-1.616,7.617000043392181,5,1.0457053771092768
wide-fanout,scaling,fan-out,16,solid2,5,0,5,comparable,230707.35723682342,3875.7486556465446,1.6799415077465647,4334.495492371706,5900,,16,1,16,16,3.008,7.065400034189224,5,0.17878026097792624
wide-fanout,scaling,fan-out,16,vue,5,0,5,comparable,888955.3630736881,14331.430489283637,1.6121653667435791,1124.9158749010294,2500,,16,1,16,16,-0.12,5.840599954128265,5,0.7298313346802633
wide-fanout,scaling,fan-out,256,reflex,5,0,5,comparable,73609.03737669648,4485.644767336358,6.093877772617695,13585.288378143972,19900,,256,1,256,256,-2.104,5.279199987649918,5,1
wide-fanout,scaling,fan-out,256,reflex-e87bb66,5,0,5,comparable,66490.40747330463,4320.366340761997,6.497728777638473,15039.76344860711,20200,,256,1,256,256,1.216,5.803099989891052,5,0.9032913599051425
wide-fanout,scaling,fan-out,256,alien,5,0,5,comparable,64669.57589318667,1758.0904960333428,2.7185743400221805,15463.22186574531,31100,,256,1,256,256,0.624,5.91090002655983,5,0.8785548378012086
wide-fanout,scaling,fan-out,256,solid2,5,0,5,comparable,15450.65054333474,433.20593262597686,2.803803836032378,64722.19387755102,112700,,256,1,256,256,12.284,11.362800180912018,5,0.20120196242733127
wide-fanout,scaling,fan-out,256,vue,5,0,5,comparable,50307.768453554185,802.2880562383216,1.594759777466617,19877.645754119138,43100,,256,1,256,256,1.216,5.523099988698959,5,0.6543731986752205
wide-fanout,scaling,fan-out,1024,reflex,5,0,5,comparable,17665.40792663435,157.1199706165571,0.8894216950386151,56607.806859205775,100300,,1024,1,1024,1024,1.732,11.399299919605255,5,1
wide-fanout,scaling,fan-out,1024,reflex-e87bb66,5,0,5,comparable,16472.969891860634,229.96780130208208,1.3960312124148917,60705.50766283525,147700,,1024,1,1024,1024,4.696,12.094799995422363,5,0.9807846983103075
wide-fanout,scaling,fan-out,1024,alien,5,0,5,comparable,16053.140336092798,933.3603384612452,5.8141916093684225,62293.10770750988,100700,,1024,1,1024,1024,1.088,6.717599958181381,5,0.9007218520650466
wide-fanout,scaling,fan-out,1024,solid2,5,0,5,comparable,3621.0171074953246,90.63503052765645,2.5030268523185506,276165.5,418600,,1024,1,1024,1024,-2.856,18.508300006389618,5,0.20842074263111107
wide-fanout,scaling,fan-out,1024,vue,5,0,5,comparable,12171.846927988232,230.25340232786039,1.891688284367184,82156.80051813471,136400,,1024,1,1024,1024,1.176,6.800900012254715,5,0.6829472787564393
window-dependency-churn,topology,dependencies,4,reflex,5,0,5,comparable,7792925.711126871,235685.2222757768,3.02434837713468,128.32151069683405,500,,2,2,1,1,-25.2,14.050000011920929,5,1
window-dependency-churn,topology,dependencies,4,reflex-e87bb66,5,0,5,comparable,7626029.6975287255,277367.8523714142,3.6371200135936714,131.12983290952272,500,,2,2,1,1,-23.828,13.036599963903427,5,0.9744710189974229
window-dependency-churn,topology,dependencies,4,alien,5,0,5,comparable,5742545.743121732,425560.0516974069,7.410651490362639,174.1387957070735,500,,2,2,1,1,-2.316,91.02200004458427,5,0.7368921450030542
window-dependency-churn,topology,dependencies,4,solid2,5,0,5,comparable,1775214.5246860872,106320.0257368437,5.989136763943748,563.3122003532677,1000,,2,2,1,1,-12.344,15.152100175619125,5,0.227497946296121
window-dependency-churn,topology,dependencies,4,vue,5,0,0,not comparable: Scenario requires publicBatch for equal public observable work,3293158.4260908104,18544.43002811866,0.5631198876190139,303.6598519151913,700,,4,2,2,1.5,153.06,10.609900057315826,0,
window-dependency-churn,topology,dependencies,16,reflex,5,0,5,comparable,4485375.410594087,224621.2493638657,5.0078584020710695,222.94677891132196,600,,5,2,1,1,9.632,18.980900198221207,5,1
window-dependency-churn,topology,dependencies,16,reflex-e87bb66,5,0,5,comparable,4351983.923495808,407104.84742012527,9.354465792537008,229.78026058440318,600,,5,2,1,1,-36.172,22.191300064325333,5,0.9882202957448729
window-dependency-churn,topology,dependencies,16,alien,5,0,5,comparable,3475943.015858794,47793.09119352326,1.3749676267841553,287.691712849594,600,,5,2,1,1,-2.856,78.4938999414444,5,0.7778722417294358
window-dependency-churn,topology,dependencies,16,solid2,5,0,5,comparable,1431792.9650283305,48631.229644487845,3.3965266510109995,698.4249988825817,3300,,5,2,1,1,24.736,14.119999945163727,5,0.3280952942587655
window-dependency-churn,topology,dependencies,16,vue,5,0,0,not comparable: Scenario requires publicBatch for equal public observable work,1972043.4666101404,8017.376376397442,0.40655170700567644,507.0882142973034,900,,10,2,2,2,33.056,12.42440003156662,0,
window-dependency-churn,topology,dependencies,64,reflex,5,0,5,comparable,1649690.387059175,65685.29965948802,3.981674390221919,606.1743511657679,1300,,17,2,1,1,-44.588,19.175600051879883,5,1
window-dependency-churn,topology,dependencies,64,reflex-e87bb66,5,0,5,comparable,1680116.0587541442,94908.81030588388,5.648943703107127,595.1969774882871,1300,,17,2,1,1,-13.096,20.959499955177307,5,1.0245607451662082
window-dependency-churn,topology,dependencies,64,alien,5,0,5,comparable,1463950.670601502,157503.29356236127,10.75878420805306,683.0831257375115,1400,,17,2,1,1,-7.536,52.885900020599365,5,0.8874093478905565
window-dependency-churn,topology,dependencies,64,solid2,5,0,5,comparable,826684.3625888046,12799.607888137107,1.5483065202847768,1209.6515251219323,2100,,17,2,1,1,9.436,15.634200066328049,5,0.4867424689030757
window-dependency-churn,topology,dependencies,64,vue,5,0,0,not comparable: Scenario requires publicBatch for equal public observable work,692403.026743755,18947.255841536564,2.736449020253717,1444.2455641807596,2100,,34,2,2,2,-17.288,14.09389990568161,0,
window-dependency-churn,topology,dependencies,256,reflex,5,0,5,comparable,431490.14433649194,12933.858239183552,2.9974863641606726,2317.5500370644922,4400,,65,2,1,1,-45.356,26.36429998278618,5,1
window-dependency-churn,topology,dependencies,256,reflex-e87bb66,5,0,5,comparable,446972.4177704331,24766.5518401367,5.540957530148293,2237.2745168217607,4300,,65,2,1,1,-45.08,27.39250022172928,5,1.035880943370673
window-dependency-churn,topology,dependencies,256,alien,5,0,5,comparable,435502.4057028096,14133.632347376202,3.2453626345800504,2296.198567229978,3100,,65,2,1,1,-14.416,42.204399675130844,5,0.9799254837246404
window-dependency-churn,topology,dependencies,256,solid2,5,0,5,comparable,328170.0194549028,14044.153943038487,4.27953594492456,3047.2009651004096,4900,,65,2,1,1,-33.384,19.469500064849854,5,0.7280024112599368
window-dependency-churn,topology,dependencies,256,vue,5,0,0,not comparable: Scenario requires publicBatch for equal public observable work,199276.52774875303,2545.023175520764,1.2771314335271429,5018.152470324029,7400,,130,2,2,2,-19.472,16.318400025367737,0,
window-dependency-churn,topology,dependencies,1024,reflex,5,0,5,comparable,123196.35338793971,8732.494839420135,7.088273799730017,8117.123376623376,13400,,257,2,1,1,-21.308,26.44659996032715,5,1
window-dependency-churn,topology,dependencies,1024,reflex-e87bb66,5,0,5,comparable,118189.72839214189,6223.188163251441,5.265422171547358,8460.972147106544,11700,,257,2,1,1,-26.044,27.050699681043625,5,0.9702322769064154
window-dependency-churn,topology,dependencies,1024,alien,5,0,5,comparable,112399.39850008856,6250.551004198889,5.561018197258381,8896.844763801935,15100,,257,2,1,1,-23.804,35.015099972486496,5,0.9819640882754627
window-dependency-churn,topology,dependencies,1024,solid2,5,0,5,comparable,92058.47885501868,5421.561041579349,5.889257685995086,10862.660478834143,15300,,257,2,1,1,-14.744,25.945199757814407,5,0.7472500307304609
window-dependency-churn,topology,dependencies,1024,vue,5,0,0,not comparable: Scenario requires publicBatch for equal public observable work,47457.67030614975,2681.4697996135,5.650234793059416,21071.409395973154,49300,,514,2,2,2,8.124,23.66539990901947,0,
