scenario,group,dimension,size,framework,successfulTrials,failedTrials,medianOpsPerSecond,medianNsPerOperation,medianP99Ns,medianP999Ns,medianRetainedBytesPerOperation,medianGcPauseMs,throughputVsReflex
effect-fanout,scheduler,observers,16,reflex,1,0,51282.05128205128,19500,124700,124700,534.8,6.041599988937378,1
effect-fanout,scheduler,observers,16,alien,1,0,94652.15333648841,10565,27100,27100,-4744.8,6.327299982309341,1.845716990061524
effect-fanout,scheduler,observers,16,solid2,1,0,28109.627547434997,35575,94500,94500,-23080,7.120999991893768,0.5481377371749825
effect-fanout,scheduler,observers,16,vue,1,0,75500.18875047188,13245,74200,74200,23571.6,6.206499993801117,1.4722536806342017
failure-retry,failure,depth,16,reflex,1,0,33140.01657000829,30175,52800,52800,10343.2,7.2688000202178955,1
failure-retry,failure,depth,16,alien,1,0,11291.77958446251,88560,45200,45200,618.4,7.8113000094890594,0.34072944896115626
failure-retry,failure,depth,16,solid2,1,0,15839.074998020116,63135,181900,181900,4944,7.629400014877319,0.47794408806525696
failure-retry,failure,depth,16,vue,1,0,41042.47896572953,24365,35700,35700,-43253.6,8.532399982213974,1.2384568027908887
lifecycle-churn,lifecycle,observers,16,reflex,1,0,28113.5788585887,35570,144100,144100,24961.2,6.593000024557114,1
lifecycle-churn,lifecycle,observers,16,alien,1,0,31471.282454760032,31775,122500,122500,-12791.2,7.696000009775162,1.1194335169158143
lifecycle-churn,lifecycle,observers,16,solid2,1,0,12955.045990413266,77190,197200,197200,24902.8,6.043500006198883,0.4608109858789999
lifecycle-churn,lifecycle,observers,16,vue,1,0,31357.792411414237,31890,277700,277700,-16881.6,6.582800000905991,1.1153966760740044
semantic-noop-fanout,selectivity,fan-out,16,reflex,1,0,63714.558776680475,15695,23700,23700,249.2,6.502100020647049,1
semantic-noop-fanout,selectivity,fan-out,16,alien,1,0,103680.66355624676,9645,16100,16100,-396.4,4.749099999666214,1.6272680145152927
semantic-noop-fanout,selectivity,fan-out,16,solid2,1,0,38925.65200467108,25690,37100,37100,-3270.8,5.198300004005432,0.6109381082133125
semantic-noop-fanout,selectivity,fan-out,16,vue,1,0,60790.273556231004,16450,73200,73200,11382,6.1451999843120575,0.9541033434650456
window-dependency-churn,topology,dependencies,16,reflex,1,0,82338.41086867024,12145,11100,11100,13884.4,7.241300016641617,1
window-dependency-churn,topology,dependencies,16,alien,1,0,156739.8119122257,6380,5000,5000,106.4,6.048599988222122,1.903605015673981
window-dependency-churn,topology,dependencies,16,solid2,1,0,47539.81459472308,21035,14900,14900,714.4,8.194399982690811,0.5773710482529117
window-dependency-churn,topology,dependencies,16,vue,1,0,125234.81527864747,7985,25000,25000,5508.8,6.971100002527237,1.5209768315591734
