workload,D,variant,linksTraversed,edgeAllocations,edgeLinks,edgeUnlinks,edgeMoves,callbackDependencyReads,stableEdgesEligible,stableEdgesRetained,dependencyDelta,physicalMutations,totalAmplification,mutationAmplification,mean,median,p75,p95,p99,variance,rme95Percent,opsPerSecond,batchIterations,wallTimeMs
stable,0,before,1,0,0,0,0,1,1,1,0,0,1,0,25.088933308919263,24.890232086181612,25.922107696533196,27.18504905700685,27.703779220581094,1.5408677711440293,2.740199329300874,39858211.09598526,1048576,394.61479999999983
stable,0,after,1,0,0,0,0,1,1,1,0,0,1,0,25.225461324056003,25.408172607421882,25.987672805786094,26.616830825805675,26.94415473937988,1.0545283941956456,2.2546113482913324,39642486.10376692,1048576,396.7622000000002
stable,1,before,2,0,0,0,0,2,2,2,0,0,2,0,32.807210286458336,32.75527954101564,33.218908309936495,37.744579315185554,37.751094818115305,5.145400892832284,3.829322763333979,30481104.344698425,1048576,516.0128000000001
stable,1,after,2,0,0,0,0,2,2,2,0,0,2,0,33.01602681477863,32.8574180603027,33.496189117431726,35.70432662963862,37.74442672729484,3.151652252546114,2.9780089902981652,30288320.445401996,1048576,519.2971999999997
stable,16,before,17,0,0,0,0,17,17,17,0,0,17,0,93.70887756347658,92.41485595703125,96.65546417236327,98.14369201660146,98.3949127197263,9.74262333225553,1.8447558114119382,10671347.539325923,262144,368.4783000000001
stable,16,after,17,0,0,0,0,17,17,17,0,0,17,0,97.36661275227857,96.55609130859375,100.59700012207011,105.05653381347669,107.7221221923829,25.32458894226436,2.8624822848631473,10270461.010533594,262144,382.86109999999974
stable,31,before,32,0,0,0,0,32,32,32,0,0,32,0,151.38341267903658,150.6313323974607,157.16342926025374,160.17089843750037,162.3387451171877,45.39610954955098,2.4649759890987966,6605743.537571068,262144,595.2638000000005
stable,31,after,32,0,0,0,0,32,32,32,0,0,32,0,152.28014628092447,154.71229553222673,157.40776062011707,161.64012908935553,162.07442474365243,53.491854912690535,2.6600035158547666,6566844.230338555,262144,598.7899000000001
stable,32,before,33,0,0,0,0,33,33,33,0,0,33,0,149.82602437337243,148.3829498291015,151.70459747314453,161.27109527587876,165.13233184814464,49.476619969243636,2.600126171718596,6674407.895306359,262144,589.1399
stable,32,after,33,0,0,0,0,33,33,33,0,0,33,0,151.1950937906902,148.59390258789054,155.41191101074236,160.45364379882815,160.45620727539074,31.209533124984375,2.0463862272445783,6613971.227031804,262144,594.5233000000004
stable,33,before,34,0,0,0,0,34,34,34,0,0,34,0,156.93280537923167,156.1614990234373,161.23657226562477,163.9414978027344,164.53024291992202,29.37023489392359,1.9125889334017376,6372153.977515902,262144,617.0848999999995
stable,33,after,34,0,0,0,0,34,34,34,0,0,34,0,155.20629882812503,154.90036010742168,159.92946624755885,164.43725585937497,166.72686767578082,43.54741062603013,2.3547971024295107,6443037.4768964555,262144,610.2960000000002
stable,64,before,65,0,0,0,0,65,65,65,0,0,65,0,265.10320027669286,264.36157226562494,273.7155914306643,277.9102325439453,278.94630432128906,99.49654951647472,2.083870403011951,3772115.911676217,131072,521.2141000000003
stable,64,after,65,0,0,0,0,65,65,65,0,0,65,0,265.92773437499994,266.4596557617194,270.5829620361327,278.405151367187,280.1970214843745,68.40806663967363,1.722549424097878,3760420.1094341017,131072,522.8352
stable,256,before,257,0,0,0,0,257,257,257,0,0,257,0,922.9970296223948,912.9364013671856,941.879272460937,1001.789550781248,1007.6308593749995,1654.9356383759675,2.4410232604335036,1083427.1052953526,32768,453.6714999999995
stable,256,after,257,0,0,0,0,257,257,257,0,0,257,0,915.665893554688,912.2314453124999,952.072143554689,968.2070922851581,968.2874145507824,1366.0005610436472,2.2354762891599504,1092101.395322174,32768,450.0681000000002
stable,1024,before,1025,0,0,0,0,1025,1025,1025,0,0,1025,0,5056.40218098958,5051.586914062503,5268.334960937503,5456.17553710936,5487.84643554686,68824.42744431025,2.873501052798512,197769.0785277471,8192,621.3306999999996
stable,1024,after,1025,0,0,0,0,1025,1025,1025,0,0,1025,0,5125.826822916668,5079.69970703126,5179.479980468748,5481.246337890627,5812.577392578127,64611.09460393654,2.746447407174304,195090.47701907842,8192,629.8616000000001
stable,4096,before,4097,0,0,0,0,4097,4097,4097,0,0,4097,0,23311.953125000004,23237.988281249898,24188.525390624938,25230.273437500044,25330.351562500073,1916385.5032240113,3.2888528620860917,42896.44864323224,1024,358.07160000000005
stable,4096,after,4097,0,0,0,0,4097,4097,4097,0,0,4097,0,23769.59635416669,24217.57812500003,25027.587890625007,25505.185546875065,25701.349609375062,2281993.276959331,3.5197923294770277,42070.550340864545,1024,365.10100000000034
alternating,0,before,9,1,1,1,0,2,1,1,2,2,3.6666666666666665,0.6666666666666666,66.5070215861003,66.78943634033217,68.41926574707024,69.8057556152344,70.10739135742196,5.72092254082064,1.9918067588390753,15036006.366717165,524288,523.0325000000003
alternating,0,after,8,1,1,1,0,2,1,1,2,2,3.3333333333333335,0.6666666666666666,64.83804066975907,64.56470489501945,66.98570251464844,68.79278182983391,70.06928634643526,6.81788436313124,2.230368382674801,15423044.707555564,524288,509.9070999999996
alternating,1,before,16,1,1,1,1,3,2,2,2,3,6.333333333333333,1,84.61713155110678,82.39212036132825,87.03784942626943,91.66267395019538,92.70387268066409,14.729570569692067,2.5119929181679286,11817937.829717416,262144,332.7281000000001
alternating,1,after,14,1,1,1,1,3,2,2,2,3,5.666666666666667,1,79.8462422688802,78.80134582519517,81.42280578613276,84.26918029785158,84.67976379394524,6.788544142008768,1.8072386586276765,12524070.909092069,262144,313.9682
alternating,16,before,106,1,1,1,16,18,17,17,2,18,41.333333333333336,6,321.9738769531254,318.58062744140585,332.69882202148494,346.71279907226665,351.9414367675786,258.1977814968151,2.763995191269554,3105842.0312328166,65536,316.5132000000004
alternating,16,after,89,1,1,1,16,18,17,17,2,18,35.666666666666664,6,304.6089680989582,297.4472045898444,318.03131103515625,326.04537963867193,330.8536071777335,195.08507730262053,2.539516311138215,3282897.434835636,65536,299.44279999999986
alternating,31,before,163,32,32,32,0,33,32,1,2,64,75.66666666666667,21.333333333333332,830.265096028646,820.7977294921905,844.2169189453141,884.4589233398443,907.8463745117181,1176.733022644423,2.288252032787723,1204434.5893657773,32768,408.0919
alternating,31,after,164,1,1,1,31,33,32,32,2,33,65.66666666666667,11,503.4383138020833,502.3132324218776,509.6466064453131,532.048339843749,537.7768554687478,302.66872828915353,1.9138997198305336,1986340.674883815,32768,247.45
alternating,32,before,167,33,33,33,0,34,33,1,2,66,77.66666666666667,22,891.8184407552083,894.635009765627,904.6081542968734,949.741821289063,966.862426757813,1209.5631651935098,2.1598296312448126,1121304.465461806,32768,438.3466
alternating,32,after,169,1,1,1,32,34,33,33,2,34,67.66666666666667,11.333333333333334,527.1840413411456,530.3894042968747,537.3260498046859,551.3269042968761,560.975830078125,320.3489001663038,1.8803168184782177,1896870.772977156,32768,259.1214999999999
alternating,33,before,171,34,34,34,0,35,34,1,2,68,79.66666666666667,22.666666666666668,893.6948649088544,892.5567626953124,909.0225219726558,923.6303710937489,939.3085937500006,568.5286389752434,1.4776397916756665,1118950.1464820292,32768,439.26890000000014
alternating,33,after,174,1,1,1,33,35,34,34,2,35,69.66666666666667,11.666666666666666,539.2095947265632,539.6118164062505,547.1984863281258,578.3337402343745,578.4157714843752,397.32720197309794,2.0473788141890052,1854566.4056796073,32768,265.0323000000003
alternating,64,before,295,65,65,65,0,66,65,1,2,130,141.66666666666666,43.333333333333336,1548.7854003906243,1511.218261718749,1624.1302490234352,1657.2790527343766,1688.5944824218748,5715.991801449206,2.7035612897592873,645667.2433429362,16384,380.6294999999998
alternating,64,after,329,1,1,1,64,66,65,65,2,66,131.66666666666666,22,936.5531412760407,933.074951171873,943.4265136718748,974.3768310546845,985.2904052734344,422.9892304255653,1.2162249185528893,1067745.0706507843,16384,230.16729999999978
alternating,256,before,1063,257,257,257,0,258,257,1,2,514,525.6666666666666,171.33333333333334,6287.052408854166,6092.626953124999,6323.547363281257,7419.135742187491,8850.9365234375,731692.4954028374,7.535271186064768,159057.04851317644,4096,386.27649999999994
alternating,256,after,1289,1,1,1,256,258,257,257,2,258,515.6666666666666,86,3768.655598958335,3562.8417968749936,3748.3642578125045,4540.922851562482,5748.204101562491,419185.51571595855,9.514771213340602,265346.61333245796,4096,231.5462000000001
alternating,1024,before,4135,1025,1025,1025,0,1026,1025,1,2,2050,2061.6666666666665,683.3333333333334,25384.04296874999,25357.812500000022,25951.269531250044,27724.833984374985,28709.263671875007,2092015.5045645891,3.1557553139869876,39394.82773611315,1024,389.89889999999986
alternating,1024,after,5129,1,1,1,1024,1026,1025,1025,2,1026,2051.6666666666665,342,14995.332031250005,14665.72265624999,15944.970703125005,17082.91015625,18269.082031250022,1998627.9939924143,5.2214552895327335,66687.41965273044,1024,230.32830000000007
alternating,4096,before,16423,4097,4097,4097,0,4098,4097,1,2,8194,8205.666666666666,2731.3333333333335,106665.39062500007,105714.4531250005,111311.328125,116062.85156249991,117148.5078125002,40278637.42937331,3.295304292806569,9375.112153441283,256,409.59510000000034
alternating,4096,after,20489,1,1,1,4096,4098,4097,4097,2,4098,8195.666666666666,1366,58442.68229166674,57660.15624999987,60880.46874999997,62505.97656250028,62604.63281250038,7901530.2923295265,2.6638338392393437,17110.782065226816,256,224.41990000000027
replacement,0,before,1,0,0,0,0,1,1,1,0,0,1,0,31.323254903157597,30.633735656738235,32.22708702087409,34.54873085021984,35.53401374816909,3.8340288546829027,3.46212282191328,31925162.410219163,1048576,492.67220000000066
replacement,0,after,1,0,0,0,0,1,1,1,0,0,1,0,34.02074178059898,30.874633789062536,33.10389518737793,47.32718467712403,58.82517814636225,68.57232341731284,13.480696174392245,29393832.928424574,1048576,535.1000000000003
replacement,1,before,9,1,1,1,0,2,1,1,2,2,3.6666666666666665,0.6666666666666666,76.31741841634113,73.379135131836,77.78253555297846,91.85438156127937,95.07207870483411,63.21061702675255,5.769697056973571,13103168.591796594,524288,600.1845999999999
replacement,1,after,8,1,1,1,0,2,1,1,2,2,3.3333333333333335,0.6666666666666666,72.97079722086588,67.8459167480468,70.42036056518553,97.22038269042959,102.2315521240237,148.11871872613406,9.237140496281263,13704112.303627837,524288,573.8656999999997
replacement,16,before,370,16,16,16,0,17,1,1,32,32,12.181818181818182,0.9696969696969697,844.7922770182284,824.8687744140601,854.9072265624982,1037.7835083007794,1189.102111816404,16001.728156936124,8.293067039421057,1183722.9425552888,32768,415.23229999999955
replacement,16,after,114,16,16,16,0,17,1,1,32,32,4.424242424242424,0.9696969696969697,570.4400634765625,532.7941894531265,604.9560546874977,710.4660034179692,751.6610717773434,6734.910139281754,7.967783963301882,1753032.5515803935,32768,280.3827
replacement,31,before,1180,31,31,31,0,32,1,1,62,62,19.714285714285715,0.9841269841269841,1996.5478515624995,2026.4038085937505,2051.992797851558,2097.771606445311,2132.7476806640634,6594.289444386819,2.2526096820024764,500864.52935119957,16384,490.6715999999999
replacement,31,after,219,31,31,31,0,32,1,1,62,62,4.4603174603174605,0.9841269841269841,827.9715983072921,820.7763671875014,842.651367187499,872.7294921875003,881.1035156250005,733.0902339447258,1.811110483347098,1207770.8970264238,16384,203.48230000000012
replacement,32,before,163,32,32,32,0,33,1,1,64,64,3.4923076923076923,0.9846153846153847,862.9162597656245,867.0257568359347,891.8273925781258,923.8647460937491,925.2661132812499,1914.6709833294594,2.808407294679312,1158861.000338096,32768,424.1405999999998
replacement,32,after,226,32,32,32,0,33,1,1,64,64,4.461538461538462,0.9846153846153847,865.0935872395833,846.3989257812502,882.5073242187484,927.7319335937506,942.1625976562498,1362.1226430293868,2.3627984675176488,1155944.298686675,32768,425.2108
replacement,33,before,167,33,33,33,0,34,1,1,66,66,3.4776119402985075,0.9850746268656716,879.6144612630214,873.6511230468761,905.9188842773444,916.8392944335912,924.8424682617162,832.6718589911665,1.81688002385166,1136861.7093494795,32768,432.3481000000004
replacement,33,after,233,33,33,33,0,34,1,1,66,66,4.462686567164179,0.9850746268656716,889.8030598958343,880.859375000001,919.3801879882812,951.6873168945357,960.254455566407,1488.5739418899952,2.4014468453079654,1123844.1910022944,32768,437.3560000000004
replacement,64,before,291,64,64,64,0,65,1,1,128,128,3.248062015503876,0.9922480620155039,1559.1442871093764,1551.1108398437514,1587.4176025390627,1676.004638671874,1706.26049804688,4580.80792639938,2.404176791015551,641377.4583069414,16384,383.17530000000033
replacement,64,after,450,64,64,64,0,65,1,1,128,128,4.48062015503876,0.9922480620155039,1663.8806152343743,1616.8090820312466,1708.233642578126,1789.820556640628,1800.0881347656248,5372.0425026758985,2.4396595464178445,601004.6579328289,16384,408.91529999999983
replacement,256,before,1059,256,256,256,0,257,1,1,512,512,3.0623781676413255,0.9980506822612085,6051.1767578125,6060.3027343749945,6189.599609374998,6336.469726562504,6360.067382812509,47216.379914965655,1.9887865363514126,165257.11279362792,4096,371.7842999999999
replacement,256,after,1794,256,256,256,0,257,1,1,512,512,4.495126705653021,0.9980506822612085,7129.409179687504,7129.687500000009,7376.220703124991,7581.662597656269,7584.848144531246,121086.94330283588,2.7031913188111707,140264.0772603028,4096,438.0309000000002
replacement,1024,before,4131,1024,1024,1024,0,1025,1,1,2048,2048,3.015617374328941,0.9995119570522206,25072.48697916665,25145.60546875,25888.671874999993,26689.55078124998,26978.847656250044,1399230.8813730706,2.612937028067036,39884.35614029533,1024,385.1133999999998
replacement,1024,after,7170,1024,1024,1024,0,1025,1,1,2048,2048,4.498779892630552,0.9995119570522206,28298.802083333318,27883.691406249967,29199.560546874975,30221.582031250004,30470.957031249953,1432533.985501244,2.342427091081798,35337.184841083916,1024,434.6695999999997
replacement,4096,before,16419,4096,4096,4096,0,4097,1,1,8192,8192,3.0039057732210424,0.9998779445868424,105654.53124999996,105404.68749999965,112158.78906249999,115443.82812499987,115530.01562499987,46492814.45748397,3.574262609686053,9464.80939500643,256,405.71339999999975
replacement,4096,after,28674,4096,4096,4096,0,4097,1,1,8192,8192,4.499694861467106,0.9998779445868424,135990.9114583334,134201.95312500026,144243.75,149676.13281250015,150193.0390625001,94721485.69306664,3.9636567063705948,7353.43258807698,256,522.2051000000002
reorder,0,before,1,0,0,0,0,1,1,1,0,0,1,0,27.44778951009115,26.92632675170895,27.92801856994629,30.36640167236332,30.87407684326179,2.2239773527309525,3.0091197603652127,36432806.351577096,1048576,431.7164000000002
reorder,0,after,1,0,0,0,0,1,1,1,0,0,1,0,27.451794942220044,26.784324645996087,28.451108932495107,30.06740570068359,30.27526092529294,1.9697884629186593,2.831527054514039,36427490.51946435,1048576,431.77939999999995
reorder,1,before,2,0,0,0,0,2,2,2,0,0,2,0,33.81111145019532,33.70962142944332,34.81092453002922,35.468921661376925,35.59880447387699,1.4752120571626104,1.989525208815143,29576075.943940114,1048576,531.8028
reorder,1,after,2,0,0,0,0,2,2,2,0,0,2,0,34.70013300577801,34.75570678710955,35.71529388427734,36.43517494201661,36.6859149932861,1.6309728256428,2.038327154235825,28818333.342799794,1048576,545.7859000000001
reorder,16,before,123.125,0,0,0,12.4375,17,17,17,0,12.4375,135.5625,12.4375,275.1173909505206,270.79238891601545,281.9789886474612,294.38346862792855,294.4778900146483,117.58070479567938,2.182888999570076,3634812.0216793143,131072,540.9027999999995
reorder,16,after,123.125,0,0,0,12.4375,17,17,17,0,12.4375,135.5625,12.4375,279.0701802571614,277.20565795898415,289.8113250732425,292.1830749511717,295.3378601074218,92.37354270936557,1.9074011234397437,3583328.0326780397,131072,548.6743
reorder,31,before,425.0625,0,0,0,27.625,32,32,32,0,27.625,452.6875,27.625,711.4213053385422,719.1955566406248,730.7174682617181,747.3468017578123,767.4307861328145,881.4523859570415,2.3112888740668818,1405636.8462624727,32768,349.6778000000002
reorder,31,after,425.0625,0,0,0,27.625,32,32,32,0,27.625,452.6875,27.625,742.489624023438,736.5447998046865,763.2812500000009,788.3801269531249,790.7863769531242,1000.262923272587,2.359110934676876,1346820.1677770964,32768,364.94850000000025
reorder,32,before,454.125,0,0,0,27.8125,33,33,33,0,27.8125,481.9375,27.8125,755.6811523437499,748.0590820312505,768.2403564453125,827.6123046875006,881.1547851562513,2240.6246803169083,3.4691863920499104,1323309.436656576,32768,371.4324
reorder,32,after,454.125,0,0,0,27.8125,33,33,33,0,27.8125,481.9375,27.8125,805.3230794270836,810.5773925781261,839.5980834960942,861.2243652343726,893.5583496093735,2321.623173231844,3.3136557358200416,1241737.6647288091,32768,395.83240000000006
reorder,33,before,480,0,0,0,28.6875,34,34,34,0,28.6875,508.6875,28.6875,775.5098470052094,764.9230957031267,797.0642089843759,833.122253417971,853.2797241210973,1379.743811097997,2.6527332301127826,1289474.2779369024,32768,381.17860000000053
reorder,33,after,480,0,0,0,28.6875,34,34,34,0,28.6875,508.6875,28.6875,814.0118408203125,810.250854492189,836.0031127929678,876.0580444335952,902.5797729492219,1635.6411693352095,2.7516612080067513,1228483.3584143687,32768,400.1031
reorder,64,before,1543.9375,0,0,0,59.3125,65,65,65,0,59.3125,1603.25,59.3125,2412.4918619791674,2371.8872070312495,2503.3630371093727,2567.208251953129,2572.054931640625,11661.30465411022,2.4790733729622283,414509.17027326964,8192,296.44700000000006
reorder,64,after,1543.9375,0,0,0,59.3125,65,65,65,0,59.3125,1603.25,59.3125,2442.3876953124986,2500.976562499993,2525.4577636718777,2557.6232910156205,2578.507080078132,11420.31532951767,2.423294024559404,409435.40696639975,8192,300.12059999999985
reorder,256,before,9174.3125,0,0,0,249.1875,257,257,257,0,249.1875,9423.5,249.1875,13122.659505208327,13079.980468750002,13614.965820312518,13751.259765624975,13833.728515624945,255784.053620836,2.134501869661136,76204.06515943696,2048,403.12809999999985
reorder,256,after,9174.3125,0,0,0,249.1875,257,257,257,0,249.1875,9423.5,249.1875,13162.298177083323,12915.673828124975,13440.161132812489,14268.525390625,14559.408203124989,387863.9374006409,2.6205330592782365,75974.57423818925,2048,404.3457999999996
reorder,1024,before,40482.25,0,0,0,1016.125,1025,1025,1025,0,1016.125,41498.375,1016.125,58568.6458333333,58465.624999999745,59870.70312499998,61198.4375,61387.65625000001,3480179.399036365,1.764076035036089,17073.981919364574,512,449.80719999999974
reorder,1024,after,40482.25,0,0,0,1016.125,1025,1025,1025,0,1016.125,41498.375,1016.125,59997.031249999985,58525.585937500015,62253.7109375001,63495.703125000015,64659.45312499997,6951711.99907579,2.433872319220275,16667.491360249598,512,460.7771999999999
reorder,4096,before,166151.25,0,0,0,4086.25,4097,4097,4097,0,4086.25,170237.5,4086.25,292627.0833333332,292949.2187499996,303035.1562500009,307486.87499999965,307877.99999999895,103143737.15355791,1.9221557707637111,3417.3186863257433,128,561.8439999999999
reorder,4096,after,166151.25,0,0,0,4086.25,4097,4097,4097,0,4086.25,170237.5,4086.25,299260.41666666657,298530.4687500001,304588.2812499991,320463.51562499994,320743.9531250002,139384305.21647406,2.184939057107881,3341.5712346409564,128,574.5799999999998
